timestamp_s,potential_V_vs_ref,current_A,working_electrode_area_cm2,cycle,segment,temperature_C,pH,fe2_concentration_M,electrolyte_id,reference_electrode,notes
0.0,-0.2000384,-7.164292349438365e-07,1.0,1,forward,60.0,3.0,1.0,FE-SO4-SYNTHETIC,Ag/AgCl,"Synthetic CV with Fe/HER, Ru=12.0 ohm, C_dl=40.0 uF"
0.1,-0.2050384,-3.891321505855923e-06,1.0,1,forward,60.0,3.0,1.0,FE-SO4-SYNTHETIC,Ag/AgCl,"Synthetic CV with Fe/HER, Ru=12.0 ohm, C_dl=40.0 uF"
0.2,-0.21003840000000001,3.844269050346239e-08,1.0,1,forward,60.0,3.0,1.0,FE-SO4-SYNTHETIC,Ag/AgCl,"Synthetic CV with Fe/HER, Ru=12.0 ohm, C_dl=40.0 uF"
0.3,-0.21503840000000002,4.415149282040127e-06,1.0,1,forward,60.0,3.0,1.0,FE-SO4-SYNTHETIC,Ag/AgCl,"Synthetic CV with Fe/HER, Ru=12.0 ohm, C_dl=40.0 uF"
0.4,-0.22003840000000002,-4.37076687361668e-06,1.0,1,forward,60.0,3.0,1.0,FE-SO4-SYNTHETIC,Ag/AgCl,"Synthetic CV with Fe/HER, Ru=12.0 ohm, C_dl=40.0 uF"
0.5,-0.2250384,-4.370684784745903e-06,1.0,1,forward,60.0,3.0,1.0,FE-SO4-SYNTHETIC,Ag/AgCl,"Synthetic CV with Fe/HER, Ru=12.0 ohm, C_dl=40.0 uF"
0.6,-0.2300384,4.696064077536958e-06,1.0,1,forward,60.0,3.0,1.0,FE-SO4-SYNTHETIC,Ag/AgCl,"Synthetic CV with Fe/HER, Ru=12.0 ohm, C_dl=40.0 uF"
0.7,-0.2350384,6.371736457645438e-07,1.0,1,forward,60.0,3.0,1.0,FE-SO4-SYNTHETIC,Ag/AgCl,"Synthetic CV with Fe/HER, Ru=12.0 ohm, C_dl=40.0 uF"
0.8,-0.2400384,-5.5473719296747614e-06,1.0,1,forward,60.0,3.0,1.0,FE-SO4-SYNTHETIC,Ag/AgCl,"Synthetic CV with Fe/HER, Ru=12.0 ohm, C_dl=40.0 uF"
0.9,-0.24503840000000002,-4.871997820701767e-07,1.0,1,forward,60.0,3.0,1.0,FE-SO4-SYNTHETIC,Ag/AgCl,"Synthetic CV with Fe/HER, Ru=12.0 ohm, C_dl=40.0 uF"
1.0,-0.2500384,-5.517088464062312e-06,1.0,1,forward,60.0,3.0,1.0,FE-SO4-SYNTHETIC,Ag/AgCl,"Synthetic CV with Fe/HER, Ru=12.0 ohm, C_dl=40.0 uF"
1.1,-0.2550384,-5.528648767851285e-06,1.0,1,forward,60.0,3.0,1.0,FE-SO4-SYNTHETIC,Ag/AgCl,"Synthetic CV with Fe/HER, Ru=12.0 ohm, C_dl=40.0 uF"
1.2,-0.2600384,-1.9901886421698294e-06,1.0,1,forward,60.0,3.0,1.0,FE-SO4-SYNTHETIC,Ag/AgCl,"Synthetic CV with Fe/HER, Ru=12.0 ohm, C_dl=40.0 uF"
1.3,-0.2650384,-1.2766401223288991e-05,1.0,1,forward,60.0,3.0,1.0,FE-SO4-SYNTHETIC,Ag/AgCl,"Synthetic CV with Fe/HER, Ru=12.0 ohm, C_dl=40.0 uF"
1.4,-0.2700384,-1.1824589162565164e-05,1.0,1,forward,60.0,3.0,1.0,FE-SO4-SYNTHETIC,Ag/AgCl,"Synthetic CV with Fe/HER, Ru=12.0 ohm, C_dl=40.0 uF"
1.5,-0.2750384,-6.0114376462048635e-06,1.0,1,forward,60.0,3.0,1.0,FE-SO4-SYNTHETIC,Ag/AgCl,"Synthetic CV with Fe/HER, Ru=12.0 ohm, C_dl=40.0 uF"
1.6,-0.2800384,-8.26415560167212e-06,1.0,1,forward,60.0,3.0,1.0,FE-SO4-SYNTHETIC,Ag/AgCl,"Synthetic CV with Fe/HER, Ru=12.0 ohm, C_dl=40.0 uF"
1.7,-0.2850384,-1.6287633370236308e-06,1.0,1,forward,60.0,3.0,1.0,FE-SO4-SYNTHETIC,Ag/AgCl,"Synthetic CV with Fe/HER, Ru=12.0 ohm, C_dl=40.0 uF"
1.8,-0.29003840000000003,-7.740120377606055e-06,1.0,1,forward,60.0,3.0,1.0,FE-SO4-SYNTHETIC,Ag/AgCl,"Synthetic CV with Fe/HER, Ru=12.0 ohm, C_dl=40.0 uF"
1.9,-0.29503840000000003,-1.0261518506676458e-05,1.0,1,forward,60.0,3.0,1.0,FE-SO4-SYNTHETIC,Ag/AgCl,"Synthetic CV with Fe/HER, Ru=12.0 ohm, C_dl=40.0 uF"
2.0,-0.30003840000000004,4.12824384460777e-06,1.0,1,forward,60.0,3.0,1.0,FE-SO4-SYNTHETIC,Ag/AgCl,"Synthetic CV with Fe/HER, Ru=12.0 ohm, C_dl=40.0 uF"
2.1,-0.30503840000000004,-4.328881502432678e-06,1.0,1,forward,60.0,3.0,1.0,FE-SO4-SYNTHETIC,Ag/AgCl,"Synthetic CV with Fe/HER, Ru=12.0 ohm, C_dl=40.0 uF"
2.2,-0.31003840000000005,-2.862358976560381e-06,1.0,1,forward,60.0,3.0,1.0,FE-SO4-SYNTHETIC,Ag/AgCl,"Synthetic CV with Fe/HER, Ru=12.0 ohm, C_dl=40.0 uF"
2.3,-0.31503840000000005,-1.0323740931067284e-05,1.0,1,forward,60.0,3.0,1.0,FE-SO4-SYNTHETIC,Ag/AgCl,"Synthetic CV with Fe/HER, Ru=12.0 ohm, C_dl=40.0 uF"
2.4,-0.32003840000000006,-5.921913622625914e-06,1.0,1,forward,60.0,3.0,1.0,FE-SO4-SYNTHETIC,Ag/AgCl,"Synthetic CV with Fe/HER, Ru=12.0 ohm, C_dl=40.0 uF"
2.5,-0.3250384,-2.6453870514506696e-06,1.0,1,forward,60.0,3.0,1.0,FE-SO4-SYNTHETIC,Ag/AgCl,"Synthetic CV with Fe/HER, Ru=12.0 ohm, C_dl=40.0 uF"
2.6,-0.3300384,-8.954967887111515e-06,1.0,1,forward,60.0,3.0,1.0,FE-SO4-SYNTHETIC,Ag/AgCl,"Synthetic CV with Fe/HER, Ru=12.0 ohm, C_dl=40.0 uF"
2.7,-0.3350384,-1.3215099082716404e-06,1.0,1,forward,60.0,3.0,1.0,FE-SO4-SYNTHETIC,Ag/AgCl,"Synthetic CV with Fe/HER, Ru=12.0 ohm, C_dl=40.0 uF"
2.8,-0.3400384,-6.2031934495940255e-06,1.0,1,forward,60.0,3.0,1.0,FE-SO4-SYNTHETIC,Ag/AgCl,"Synthetic CV with Fe/HER, Ru=12.0 ohm, C_dl=40.0 uF"
2.9,-0.3450384,-4.658468748966384e-06,1.0,1,forward,60.0,3.0,1.0,FE-SO4-SYNTHETIC,Ag/AgCl,"Synthetic CV with Fe/HER, Ru=12.0 ohm, C_dl=40.0 uF"
3.0,-0.3500384,-6.208533061146985e-06,1.0,1,forward,60.0,3.0,1.0,FE-SO4-SYNTHETIC,Ag/AgCl,"Synthetic CV with Fe/HER, Ru=12.0 ohm, C_dl=40.0 uF"
3.1,-0.35503840000000003,6.06139092254469e-06,1.0,1,forward,60.0,3.0,1.0,FE-SO4-SYNTHETIC,Ag/AgCl,"Synthetic CV with Fe/HER, Ru=12.0 ohm, C_dl=40.0 uF"
3.2,-0.36003840000000004,-3.2674861236896697e-06,1.0,1,forward,60.0,3.0,1.0,FE-SO4-SYNTHETIC,Ag/AgCl,"Synthetic CV with Fe/HER, Ru=12.0 ohm, C_dl=40.0 uF"
3.3,-0.36503840000000004,-8.488554644779502e-06,1.0,1,forward,60.0,3.0,1.0,FE-SO4-SYNTHETIC,Ag/AgCl,"Synthetic CV with Fe/HER, Ru=12.0 ohm, C_dl=40.0 uF"
3.4,-0.37003840000000005,9.127245605159438e-07,1.0,1,forward,60.0,3.0,1.0,FE-SO4-SYNTHETIC,Ag/AgCl,"Synthetic CV with Fe/HER, Ru=12.0 ohm, C_dl=40.0 uF"
3.5,-0.37503978928602444,-9.419992085226933e-06,1.0,1,forward,60.0,3.0,1.0,FE-SO4-SYNTHETIC,Ag/AgCl,"Synthetic CV with Fe/HER, Ru=12.0 ohm, C_dl=40.0 uF"
3.6,-0.3800413126078585,-2.3983993465171193e-06,1.0,1,forward,60.0,3.0,1.0,FE-SO4-SYNTHETIC,Ag/AgCl,"Synthetic CV with Fe/HER, Ru=12.0 ohm, C_dl=40.0 uF"
3.7,-0.3850429828970352,-1.3380258705666568e-05,1.0,1,forward,60.0,3.0,1.0,FE-SO4-SYNTHETIC,Ag/AgCl,"Synthetic CV with Fe/HER, Ru=12.0 ohm, C_dl=40.0 uF"
3.8,-0.3900448143326988,-1.0375457969387266e-05,1.0,1,forward,60.0,3.0,1.0,FE-SO4-SYNTHETIC,Ag/AgCl,"Synthetic CV with Fe/HER, Ru=12.0 ohm, C_dl=40.0 uF"
3.9,-0.3950468224619715,-2.917565651607719e-06,1.0,1,forward,60.0,3.0,1.0,FE-SO4-SYNTHETIC,Ag/AgCl,"Synthetic CV with Fe/HER, Ru=12.0 ohm, C_dl=40.0 uF"
4.0,-0.400049024331934,-3.9302809452219956e-07,1.0,1,forward,60.0,3.0,1.0,FE-SO4-SYNTHETIC,Ag/AgCl,"Synthetic CV with Fe/HER, Ru=12.0 ohm, C_dl=40.0 uF"
4.1,-0.4050514386343387,-3.4297114556060454e-06,1.0,1,forward,60.0,3.0,1.0,FE-SO4-SYNTHETIC,Ag/AgCl,"Synthetic CV with Fe/HER, Ru=12.0 ohm, C_dl=40.0 uF"
4.2,-0.4100540858642843,-5.085396768966053e-06,1.0,1,forward,60.0,3.0,1.0,FE-SO4-SYNTHETIC,Ag/AgCl,"Synthetic CV with Fe/HER, Ru=12.0 ohm, C_dl=40.0 uF"
4.3,-0.4150569884941999,-6.2545596612677745e-06,1.0,1,forward,60.0,3.0,1.0,FE-SO4-SYNTHETIC,Ag/AgCl,"Synthetic CV with Fe/HER, Ru=12.0 ohm, C_dl=40.0 uF"
4.4,-0.4200601711646138,-1.2406873669648636e-05,1.0,1,forward,60.0,3.0,1.0,FE-SO4-SYNTHETIC,Ag/AgCl,"Synthetic CV with Fe/HER, Ru=12.0 ohm, C_dl=40.0 uF"
4.5,-0.4250636608933281,-8.904295485979346e-06,1.0,1,forward,60.0,3.0,1.0,FE-SO4-SYNTHETIC,Ag/AgCl,"Synthetic CV with Fe/HER, Ru=12.0 ohm, C_dl=40.0 uF"
4.6,-0.43006748730477384,-7.927135919281361e-06,1.0,1,forward,60.0,3.0,1.0,FE-SO4-SYNTHETIC,Ag/AgCl,"Synthetic CV with Fe/HER, Ru=12.0 ohm, C_dl=40.0 uF"
4.7,-0.43507168288149356,-6.879623266965177e-07,1.0,1,forward,60.0,3.0,1.0,FE-SO4-SYNTHETIC,Ag/AgCl,"Synthetic CV with Fe/HER, Ru=12.0 ohm, C_dl=40.0 uF"
4.8,-0.44007628323988696,-4.638845209398914e-06,1.0,1,forward,60.0,3.0,1.0,FE-SO4-SYNTHETIC,Ag/AgCl,"Synthetic CV with Fe/HER, Ru=12.0 ohm, C_dl=40.0 uF"
4.9,-0.4450813274325598,-1.559248682345564e-05,1.0,1,forward,60.0,3.0,1.0,FE-SO4-SYNTHETIC,Ag/AgCl,"Synthetic CV with Fe/HER, Ru=12.0 ohm, C_dl=40.0 uF"
5.0,-0.45008685827984257,-5.6177701399080185e-06,1.0,1,forward,60.0,3.0,1.0,FE-SO4-SYNTHETIC,Ag/AgCl,"Synthetic CV with Fe/HER, Ru=12.0 ohm, C_dl=40.0 uF"
5.1,-0.45509292273329455,-9.66897250995325e-06,1.0,1,forward,60.0,3.0,1.0,FE-SO4-SYNTHETIC,Ag/AgCl,"Synthetic CV with Fe/HER, Ru=12.0 ohm, C_dl=40.0 uF"
5.2,-0.460099572274276,-1.1682299524527069e-05,1.0,1,forward,60.0,3.0,1.0,FE-SO4-SYNTHETIC,Ag/AgCl,"Synthetic CV with Fe/HER, Ru=12.0 ohm, C_dl=40.0 uF"
5.3,-0.4651068633509766,-5.846897803841555e-06,1.0,1,forward,60.0,3.0,1.0,FE-SO4-SYNTHETIC,Ag/AgCl,"Synthetic CV with Fe/HER, Ru=12.0 ohm, C_dl=40.0 uF"
5.4,-0.47011485785760515,-4.416490521282568e-06,1.0,1,forward,60.0,3.0,1.0,FE-SO4-SYNTHETIC,Ag/AgCl,"Synthetic CV with Fe/HER, Ru=12.0 ohm, C_dl=40.0 uF"
5.5,-0.47512362365981237,-5.645571055446251e-06,1.0,1,forward,60.0,3.0,1.0,FE-SO4-SYNTHETIC,Ag/AgCl,"Synthetic CV with Fe/HER, Ru=12.0 ohm, C_dl=40.0 uF"
5.6,-0.48013323517080425,-1.5299018516463404e-05,1.0,1,forward,60.0,3.0,1.0,FE-SO4-SYNTHETIC,Ag/AgCl,"Synthetic CV with Fe/HER, Ru=12.0 ohm, C_dl=40.0 uF"
5.7,-0.4851437739830388,-1.3527227132488134e-05,1.0,1,forward,60.0,3.0,1.0,FE-SO4-SYNTHETIC,Ag/AgCl,"Synthetic CV with Fe/HER, Ru=12.0 ohm, C_dl=40.0 uF"
5.8,-0.49015532956086727,-1.1287812915253106e-05,1.0,1,forward,60.0,3.0,1.0,FE-SO4-SYNTHETIC,Ag/AgCl,"Synthetic CV with Fe/HER, Ru=12.0 ohm, C_dl=40.0 uF"
5.9,-0.49516800000000005,-9.122274364388215e-06,1.0,1,forward,60.0,3.0,1.0,FE-SO4-SYNTHETIC,Ag/AgCl,"Synthetic CV with Fe/HER, Ru=12.0 ohm, C_dl=40.0 uF"
6.0,-0.5001818928602446,-1.755360954294467e-05,1.0,1,forward,60.0,3.0,1.0,FE-SO4-SYNTHETIC,Ag/AgCl,"Synthetic CV with Fe/HER, Ru=12.0 ohm, C_dl=40.0 uF"
6.1,-0.505197126078585,-1.7355468098728072e-05,1.0,1,forward,60.0,3.0,1.0,FE-SO4-SYNTHETIC,Ag/AgCl,"Synthetic CV with Fe/HER, Ru=12.0 ohm, C_dl=40.0 uF"
6.2,-0.5102138289703522,-2.335075573270703e-05,1.0,1,forward,60.0,3.0,1.0,FE-SO4-SYNTHETIC,Ag/AgCl,"Synthetic CV with Fe/HER, Ru=12.0 ohm, C_dl=40.0 uF"
6.3,-0.5152321433269875,-2.5326310369354526e-05,1.0,1,forward,60.0,3.0,1.0,FE-SO4-SYNTHETIC,Ag/AgCl,"Synthetic CV with Fe/HER, Ru=12.0 ohm, C_dl=40.0 uF"
6.4,-0.5202522246197144,-1.695608919756238e-05,1.0,1,forward,60.0,3.0,1.0,FE-SO4-SYNTHETIC,Ag/AgCl,"Synthetic CV with Fe/HER, Ru=12.0 ohm, C_dl=40.0 uF"
6.5,-0.5252742433193399,-1.6072409802138402e-05,1.0,1,forward,60.0,3.0,1.0,FE-SO4-SYNTHETIC,Ag/AgCl,"Synthetic CV with Fe/HER, Ru=12.0 ohm, C_dl=40.0 uF"
6.6,-0.5302983863433868,-2.5225579223460648e-05,1.0,1,forward,60.0,3.0,1.0,FE-SO4-SYNTHETIC,Ag/AgCl,"Synthetic CV with Fe/HER, Ru=12.0 ohm, C_dl=40.0 uF"
6.7,-0.535324858642843,-2.2053889080788365e-05,1.0,1,forward,60.0,3.0,1.0,FE-SO4-SYNTHETIC,Ag/AgCl,"Synthetic CV with Fe/HER, Ru=12.0 ohm, C_dl=40.0 uF"
6.8,-0.5403538849419985,-2.7682231707975127e-05,1.0,1,forward,60.0,3.0,1.0,FE-SO4-SYNTHETIC,Ag/AgCl,"Synthetic CV with Fe/HER, Ru=12.0 ohm, C_dl=40.0 uF"
6.9,-0.5453857116461375,-3.53682359511406e-05,1.0,1,forward,60.0,3.0,1.0,FE-SO4-SYNTHETIC,Ag/AgCl,"Synthetic CV with Fe/HER, Ru=12.0 ohm, C_dl=40.0 uF"
7.0,-0.5504206089332807,-3.3243766412515964e-05,1.0,1,forward,60.0,3.0,1.0,FE-SO4-SYNTHETIC,Ag/AgCl,"Synthetic CV with Fe/HER, Ru=12.0 ohm, C_dl=40.0 uF"
7.1,-0.5554588730477379,-3.054923781249439e-05,1.0,1,forward,60.0,3.0,1.0,FE-SO4-SYNTHETIC,Ag/AgCl,"Synthetic CV with Fe/HER, Ru=12.0 ohm, C_dl=40.0 uF"
7.2,-0.560500828814935,-4.191486477346073e-05,1.0,1,forward,60.0,3.0,1.0,FE-SO4-SYNTHETIC,Ag/AgCl,"Synthetic CV with Fe/HER, Ru=12.0 ohm, C_dl=40.0 uF"
7.3,-0.565546832398869,-3.774614829334218e-05,1.0,1,forward,60.0,3.0,1.0,FE-SO4-SYNTHETIC,Ag/AgCl,"Synthetic CV with Fe/HER, Ru=12.0 ohm, C_dl=40.0 uF"
7.4,-0.5705972743255971,-6.287158598686846e-05,1.0,1,forward,60.0,3.0,1.0,FE-SO4-SYNTHETIC,Ag/AgCl,"Synthetic CV with Fe/HER, Ru=12.0 ohm, C_dl=40.0 uF"
7.5,-0.5756525827984258,-5.0272387346943754e-05,1.0,1,forward,60.0,3.0,1.0,FE-SO4-SYNTHETIC,Ag/AgCl,"Synthetic CV with Fe/HER, Ru=12.0 ohm, C_dl=40.0 uF"
7.6,-0.5807132273329447,-5.900037573752582e-05,1.0,1,forward,60.0,3.0,1.0,FE-SO4-SYNTHETIC,Ag/AgCl,"Synthetic CV with Fe/HER, Ru=12.0 ohm, C_dl=40.0 uF"
7.7,-0.5857797227427597,-6.647193198230201e-05,1.0,1,forward,60.0,3.0,1.0,FE-SO4-SYNTHETIC,Ag/AgCl,"Synthetic CV with Fe/HER, Ru=12.0 ohm, C_dl=40.0 uF"
7.8,-0.5908526335097656,-7.059398859778142e-05,1.0,1,forward,60.0,3.0,1.0,FE-SO4-SYNTHETIC,Ag/AgCl,"Synthetic CV with Fe/HER, Ru=12.0 ohm, C_dl=40.0 uF"
7.9,-0.5959325785760514,-8.765272591062762e-05,1.0,1,forward,60.0,3.0,1.0,FE-SO4-SYNTHETIC,Ag/AgCl,"Synthetic CV with Fe/HER, Ru=12.0 ohm, C_dl=40.0 uF"
8.0,-0.6010202365981233,-8.611807594946008e-05,1.0,1,forward,60.0,3.0,1.0,FE-SO4-SYNTHETIC,Ag/AgCl,"Synthetic CV with Fe/HER, Ru=12.0 ohm, C_dl=40.0 uF"
8.1,-0.606116351708042,-9.124374614594328e-05,1.0,1,forward,60.0,3.0,1.0,FE-SO4-SYNTHETIC,Ag/AgCl,"Synthetic CV with Fe/HER, Ru=12.0 ohm, C_dl=40.0 uF"
8.2,-0.611221739830388,-9.442218230861311e-05,1.0,1,forward,60.0,3.0,1.0,FE-SO4-SYNTHETIC,Ag/AgCl,"Synthetic CV with Fe/HER, Ru=12.0 ohm, C_dl=40.0 uF"
8.3,-0.6163372956086725,-0.00011403265181407738,1.0,1,forward,60.0,3.0,1.0,FE-SO4-SYNTHETIC,Ag/AgCl,"Synthetic CV with Fe/HER, Ru=12.0 ohm, C_dl=40.0 uF"
8.4,-0.6214640000000001,-0.00012604246801446617,1.0,1,forward,60.0,3.0,1.0,FE-SO4-SYNTHETIC,Ag/AgCl,"Synthetic CV with Fe/HER, Ru=12.0 ohm, C_dl=40.0 uF"
8.5,-0.6266029286024462,-0.00013608616875510489,1.0,1,forward,60.0,3.0,1.0,FE-SO4-SYNTHETIC,Ag/AgCl,"Synthetic CV with Fe/HER, Ru=12.0 ohm, C_dl=40.0 uF"
8.6,-0.6319710450016333,-0.0001596767395475972,1.0,1,forward,60.0,3.0,1.0,FE-SO4-SYNTHETIC,Ag/AgCl,"Synthetic CV with Fe/HER, Ru=12.0 ohm, C_dl=40.0 uF"
8.7,-0.6371705629310385,-0.00017923648870490913,1.0,1,forward,60.0,3.0,1.0,FE-SO4-SYNTHETIC,Ag/AgCl,"Synthetic CV with Fe/HER, Ru=12.0 ohm, C_dl=40.0 uF"
8.8,-0.6423910806607057,-0.00020190552274429913,1.0,1,forward,60.0,3.0,1.0,FE-SO4-SYNTHETIC,Ag/AgCl,"Synthetic CV with Fe/HER, Ru=12.0 ohm, C_dl=40.0 uF"
8.9,-0.6476348853541587,-0.00021700744234766053,1.0,1,forward,60.0,3.0,1.0,FE-SO4-SYNTHETIC,Ag/AgCl,"Synthetic CV with Fe/HER, Ru=12.0 ohm, C_dl=40.0 uF"
9.0,-0.6529045233122789,-0.00024155822160983027,1.0,1,forward,60.0,3.0,1.0,FE-SO4-SYNTHETIC,Ag/AgCl,"Synthetic CV with Fe/HER, Ru=12.0 ohm, C_dl=40.0 uF"
9.1,-0.6582028304883201,-0.0002620593157406752,1.0,1,forward,60.0,3.0,1.0,FE-SO4-SYNTHETIC,Ag/AgCl,"Synthetic CV with Fe/HER, Ru=12.0 ohm, C_dl=40.0 uF"
9.2,-0.6635329666864256,-0.00029792415600483956,1.0,1,forward,60.0,3.0,1.0,FE-SO4-SYNTHETIC,Ag/AgCl,"Synthetic CV with Fe/HER, Ru=12.0 ohm, C_dl=40.0 uF"
9.3,-0.6688984538812666,-0.00032650946750519645,1.0,1,forward,60.0,3.0,1.0,FE-SO4-SYNTHETIC,Ag/AgCl,"Synthetic CV with Fe/HER, Ru=12.0 ohm, C_dl=40.0 uF"
9.4,-0.6743032191418423,-0.0003605621359191854,1.0,1,forward,60.0,3.0,1.0,FE-SO4-SYNTHETIC,Ag/AgCl,"Synthetic CV with Fe/HER, Ru=12.0 ohm, C_dl=40.0 uF"
9.5,-0.6797516426898932,-0.0004032877988984259,1.0,1,forward,60.0,3.0,1.0,FE-SO4-SYNTHETIC,Ag/AgCl,"Synthetic CV with Fe/HER, Ru=12.0 ohm, C_dl=40.0 uF"
9.6,-0.6852486116718005,-0.0004359037045980429,1.0,1,forward,60.0,3.0,1.0,FE-SO4-SYNTHETIC,Ag/AgCl,"Synthetic CV with Fe/HER, Ru=12.0 ohm, C_dl=40.0 uF"
9.7,-0.6907995802707098,-0.0004819930795315744,1.0,1,forward,60.0,3.0,1.0,FE-SO4-SYNTHETIC,Ag/AgCl,"Synthetic CV with Fe/HER, Ru=12.0 ohm, C_dl=40.0 uF"
9.8,-0.6964106368307009,-0.0005341941686085224,1.0,1,forward,60.0,3.0,1.0,FE-SO4-SYNTHETIC,Ag/AgCl,"Synthetic CV with Fe/HER, Ru=12.0 ohm, C_dl=40.0 uF"
9.9,-0.702088578703964,-0.0005918878276638731,1.0,1,forward,60.0,3.0,1.0,FE-SO4-SYNTHETIC,Ag/AgCl,"Synthetic CV with Fe/HER, Ru=12.0 ohm, C_dl=40.0 uF"
10.0,-0.7078409955607883,-0.0006604931504426129,1.0,1,forward,60.0,3.0,1.0,FE-SO4-SYNTHETIC,Ag/AgCl,"Synthetic CV with Fe/HER, Ru=12.0 ohm, C_dl=40.0 uF"
10.1,-0.7136763619148216,-0.0007251333861822951,1.0,1,forward,60.0,3.0,1.0,FE-SO4-SYNTHETIC,Ag/AgCl,"Synthetic CV with Fe/HER, Ru=12.0 ohm, C_dl=40.0 uF"
10.2,-0.7196041396046884,-0.0008020585396399798,1.0,1,forward,60.0,3.0,1.0,FE-SO4-SYNTHETIC,Ag/AgCl,"Synthetic CV with Fe/HER, Ru=12.0 ohm, C_dl=40.0 uF"
10.3,-0.7256348909273962,-0.000890252296962454,1.0,1,forward,60.0,3.0,1.0,FE-SO4-SYNTHETIC,Ag/AgCl,"Synthetic CV with Fe/HER, Ru=12.0 ohm, C_dl=40.0 uF"
10.4,-0.7317804030257974,-0.0009825066807081127,1.0,1,forward,60.0,3.0,1.0,FE-SO4-SYNTHETIC,Ag/AgCl,"Synthetic CV with Fe/HER, Ru=12.0 ohm, C_dl=40.0 uF"
10.5,-0.7380538239749266,-0.0010857984102931367,1.0,1,forward,60.0,3.0,1.0,FE-SO4-SYNTHETIC,Ag/AgCl,"Synthetic CV with Fe/HER, Ru=12.0 ohm, C_dl=40.0 uF"
10.6,-0.7444698107694891,-0.0011963866346180255,1.0,1,forward,60.0,3.0,1.0,FE-SO4-SYNTHETIC,Ag/AgCl,"Synthetic CV with Fe/HER, Ru=12.0 ohm, C_dl=40.0 uF"
10.7,-0.7510446890616824,-0.0013361845327427052,1.0,1,forward,60.0,3.0,1.0,FE-SO4-SYNTHETIC,Ag/AgCl,"Synthetic CV with Fe/HER, Ru=12.0 ohm, C_dl=40.0 uF"
10.8,-0.7577966240047769,-0.0014817642484444555,1.0,1,forward,60.0,3.0,1.0,FE-SO4-SYNTHETIC,Ag/AgCl,"Synthetic CV with Fe/HER, Ru=12.0 ohm, C_dl=40.0 uF"
10.9,-0.7647458008888288,-0.0016458556369812242,1.0,1,forward,60.0,3.0,1.0,FE-SO4-SYNTHETIC,Ag/AgCl,"Synthetic CV with Fe/HER, Ru=12.0 ohm, C_dl=40.0 uF"
11.0,-0.7719146133725927,-0.0018358116371258871,1.0,1,forward,60.0,3.0,1.0,FE-SO4-SYNTHETIC,Ag/AgCl,"Synthetic CV with Fe/HER, Ru=12.0 ohm, C_dl=40.0 uF"
11.1,-0.7793278559811909,-0.0020274539011431465,1.0,1,forward,60.0,3.0,1.0,FE-SO4-SYNTHETIC,Ag/AgCl,"Synthetic CV with Fe/HER, Ru=12.0 ohm, C_dl=40.0 uF"
11.2,-0.787012916116844,-0.002250775192020623,1.0,1,forward,60.0,3.0,1.0,FE-SO4-SYNTHETIC,Ag/AgCl,"Synthetic CV with Fe/HER, Ru=12.0 ohm, C_dl=40.0 uF"
11.3,-0.79499995909487,-0.002487680380676724,1.0,1,forward,60.0,3.0,1.0,FE-SO4-SYNTHETIC,Ag/AgCl,"Synthetic CV with Fe/HER, Ru=12.0 ohm, C_dl=40.0 uF"
11.4,-0.8033220976652244,-0.0027778032769259445,1.0,1,forward,60.0,3.0,1.0,FE-SO4-SYNTHETIC,Ag/AgCl,"Synthetic CV with Fe/HER, Ru=12.0 ohm, C_dl=40.0 uF"
11.5,-0.8120155351435973,-0.0030831201919214214,1.0,1,forward,60.0,3.0,1.0,FE-SO4-SYNTHETIC,Ag/AgCl,"Synthetic CV with Fe/HER, Ru=12.0 ohm, C_dl=40.0 uF"
11.6,-0.8211196687447784,-0.003426812620913387,1.0,1,forward,60.0,3.0,1.0,FE-SO4-SYNTHETIC,Ag/AgCl,"Synthetic CV with Fe/HER, Ru=12.0 ohm, C_dl=40.0 uF"
11.7,-0.8306771371565986,-0.0038122714865713074,1.0,1,forward,60.0,3.0,1.0,FE-SO4-SYNTHETIC,Ag/AgCl,"Synthetic CV with Fe/HER, Ru=12.0 ohm, C_dl=40.0 uF"
11.8,-0.8407337940987756,-0.004222102060825383,1.0,1,forward,60.0,3.0,1.0,FE-SO4-SYNTHETIC,Ag/AgCl,"Synthetic CV with Fe/HER, Ru=12.0 ohm, C_dl=40.0 uF"
11.9,-0.8513385880020874,-0.0046911226683438376,1.0,1,forward,60.0,3.0,1.0,FE-SO4-SYNTHETIC,Ag/AgCl,"Synthetic CV with Fe/HER, Ru=12.0 ohm, C_dl=40.0 uF"
12.0,-0.8625433276062409,-0.0052079888074515164,1.0,1,forward,60.0,3.0,1.0,FE-SO4-SYNTHETIC,Ag/AgCl,"Synthetic CV with Fe/HER, Ru=12.0 ohm, C_dl=40.0 uF"
12.1,-0.8744023149609041,-0.005788073184015978,1.0,1,forward,60.0,3.0,1.0,FE-SO4-SYNTHETIC,Ag/AgCl,"Synthetic CV with Fe/HER, Ru=12.0 ohm, C_dl=40.0 uF"
12.2,-0.886971831904483,-0.0064073053538189016,1.0,1,forward,60.0,3.0,1.0,FE-SO4-SYNTHETIC,Ag/AgCl,"Synthetic CV with Fe/HER, Ru=12.0 ohm, C_dl=40.0 uF"
12.3,-0.9003094745085082,-0.007116132131022961,1.0,1,forward,60.0,3.0,1.0,FE-SO4-SYNTHETIC,Ag/AgCl,"Synthetic CV with Fe/HER, Ru=12.0 ohm, C_dl=40.0 uF"
12.4,-0.9144733430007315,-0.007869844297925284,1.0,1,forward,60.0,3.0,1.0,FE-SO4-SYNTHETIC,Ag/AgCl,"Synthetic CV with Fe/HER, Ru=12.0 ohm, C_dl=40.0 uF"
12.5,-0.9295211127202688,-0.008699140448560022,1.0,1,forward,60.0,3.0,1.0,FE-SO4-SYNTHETIC,Ag/AgCl,"Synthetic CV with Fe/HER, Ru=12.0 ohm, C_dl=40.0 uF"
12.6,-0.945509034399279,-0.009630705548232234,1.0,1,forward,60.0,3.0,1.0,FE-SO4-SYNTHETIC,Ag/AgCl,"Synthetic CV with Fe/HER, Ru=12.0 ohm, C_dl=40.0 uF"
12.7,-0.9624909381200091,-0.010627076331982083,1.0,1,forward,60.0,3.0,1.0,FE-SO4-SYNTHETIC,Ag/AgCl,"Synthetic CV with Fe/HER, Ru=12.0 ohm, C_dl=40.0 uF"
12.8,-0.9805173419180826,-0.011709280236348108,1.0,1,forward,60.0,3.0,1.0,FE-SO4-SYNTHETIC,Ag/AgCl,"Synthetic CV with Fe/HER, Ru=12.0 ohm, C_dl=40.0 uF"
12.9,-0.9996347890250816,-0.012888749797027386,1.0,1,forward,60.0,3.0,1.0,FE-SO4-SYNTHETIC,Ag/AgCl,"Synthetic CV with Fe/HER, Ru=12.0 ohm, C_dl=40.0 uF"
13.0,-1.019885551894536,-0.014164882641699992,1.0,1,forward,60.0,3.0,1.0,FE-SO4-SYNTHETIC,Ag/AgCl,"Synthetic CV with Fe/HER, Ru=12.0 ohm, C_dl=40.0 uF"
13.1,-1.0413078408824115,-0.015525310591993581,1.0,1,forward,60.0,3.0,1.0,FE-SO4-SYNTHETIC,Ag/AgCl,"Synthetic CV with Fe/HER, Ru=12.0 ohm, C_dl=40.0 uF"
13.2,-1.0639366362348572,-0.017000031204806716,1.0,1,forward,60.0,3.0,1.0,FE-SO4-SYNTHETIC,Ag/AgCl,"Synthetic CV with Fe/HER, Ru=12.0 ohm, C_dl=40.0 uF"
13.3,-1.0878052219660599,-0.018564733868351814,1.0,1,forward,60.0,3.0,1.0,FE-SO4-SYNTHETIC,Ag/AgCl,"Synthetic CV with Fe/HER, Ru=12.0 ohm, C_dl=40.0 uF"
13.4,-1.1129474413981115,-0.020250217237680446,1.0,1,forward,60.0,3.0,1.0,FE-SO4-SYNTHETIC,Ag/AgCl,"Synthetic CV with Fe/HER, Ru=12.0 ohm, C_dl=40.0 uF"
13.5,-1.1394006233485072,-0.022025635607017178,1.0,1,forward,60.0,3.0,1.0,FE-SO4-SYNTHETIC,Ag/AgCl,"Synthetic CV with Fe/HER, Ru=12.0 ohm, C_dl=40.0 uF"
13.6,-1.1672090559886579,-0.0239380042655165,1.0,1,forward,60.0,3.0,1.0,FE-SO4-SYNTHETIC,Ag/AgCl,"Synthetic CV with Fe/HER, Ru=12.0 ohm, C_dl=40.0 uF"
13.7,-1.196427825070816,-0.025953929063482362,1.0,1,forward,60.0,3.0,1.0,FE-SO4-SYNTHETIC,Ag/AgCl,"Synthetic CV with Fe/HER, Ru=12.0 ohm, C_dl=40.0 uF"
13.8,-1.2271267963360095,-0.028089832108580595,1.0,1,forward,60.0,3.0,1.0,FE-SO4-SYNTHETIC,Ag/AgCl,"Synthetic CV with Fe/HER, Ru=12.0 ohm, C_dl=40.0 uF"
13.9,-1.2593945161421116,-0.030372364000091474,1.0,1,forward,60.0,3.0,1.0,FE-SO4-SYNTHETIC,Ag/AgCl,"Synthetic CV with Fe/HER, Ru=12.0 ohm, C_dl=40.0 uF"
14.0,-1.2933418310664189,-0.03277734862252854,1.0,1,forward,60.0,3.0,1.0,FE-SO4-SYNTHETIC,Ag/AgCl,"Synthetic CV with Fe/HER, Ru=12.0 ohm, C_dl=40.0 uF"
14.0,-1.2932938310664182,-0.0327679502084301,1.0,1,reverse,60.0,3.0,1.0,FE-SO4-SYNTHETIC,Ag/AgCl,"Synthetic CV with Fe/HER, Ru=12.0 ohm, C_dl=40.0 uF"
14.1,-1.2593465161421118,-0.030370247094682116,1.0,1,reverse,60.0,3.0,1.0,FE-SO4-SYNTHETIC,Ag/AgCl,"Synthetic CV with Fe/HER, Ru=12.0 ohm, C_dl=40.0 uF"
14.2,-1.2270787963360088,-0.028088976525374735,1.0,1,reverse,60.0,3.0,1.0,FE-SO4-SYNTHETIC,Ag/AgCl,"Synthetic CV with Fe/HER, Ru=12.0 ohm, C_dl=40.0 uF"
14.3,-1.196379825070816,-0.025947019341930094,1.0,1,reverse,60.0,3.0,1.0,FE-SO4-SYNTHETIC,Ag/AgCl,"Synthetic CV with Fe/HER, Ru=12.0 ohm, C_dl=40.0 uF"
14.4,-1.1671610559886574,-0.02392617888469589,1.0,1,reverse,60.0,3.0,1.0,FE-SO4-SYNTHETIC,Ag/AgCl,"Synthetic CV with Fe/HER, Ru=12.0 ohm, C_dl=40.0 uF"
14.5,-1.1393526233485072,-0.02203557003259666,1.0,1,reverse,60.0,3.0,1.0,FE-SO4-SYNTHETIC,Ag/AgCl,"Synthetic CV with Fe/HER, Ru=12.0 ohm, C_dl=40.0 uF"
14.6,-1.112899441398111,-0.020248222399574665,1.0,1,reverse,60.0,3.0,1.0,FE-SO4-SYNTHETIC,Ag/AgCl,"Synthetic CV with Fe/HER, Ru=12.0 ohm, C_dl=40.0 uF"
14.7,-1.0877572219660598,-0.018560492122676908,1.0,1,reverse,60.0,3.0,1.0,FE-SO4-SYNTHETIC,Ag/AgCl,"Synthetic CV with Fe/HER, Ru=12.0 ohm, C_dl=40.0 uF"
14.8,-1.0638886362348567,-0.01698923476287189,1.0,1,reverse,60.0,3.0,1.0,FE-SO4-SYNTHETIC,Ag/AgCl,"Synthetic CV with Fe/HER, Ru=12.0 ohm, C_dl=40.0 uF"
14.9,-1.0412598408824105,-0.01552040094261582,1.0,1,reverse,60.0,3.0,1.0,FE-SO4-SYNTHETIC,Ag/AgCl,"Synthetic CV with Fe/HER, Ru=12.0 ohm, C_dl=40.0 uF"
15.0,-1.0198375518945355,-0.014151397083497145,1.0,1,reverse,60.0,3.0,1.0,FE-SO4-SYNTHETIC,Ag/AgCl,"Synthetic CV with Fe/HER, Ru=12.0 ohm, C_dl=40.0 uF"
15.1,-0.9995867890250816,-0.012885632542364698,1.0,1,reverse,60.0,3.0,1.0,FE-SO4-SYNTHETIC,Ag/AgCl,"Synthetic CV with Fe/HER, Ru=12.0 ohm, C_dl=40.0 uF"
15.2,-0.9804693419180822,-0.011704617224687717,1.0,1,reverse,60.0,3.0,1.0,FE-SO4-SYNTHETIC,Ag/AgCl,"Synthetic CV with Fe/HER, Ru=12.0 ohm, C_dl=40.0 uF"
15.3,-0.9624429381200083,-0.01061877948096753,1.0,1,reverse,60.0,3.0,1.0,FE-SO4-SYNTHETIC,Ag/AgCl,"Synthetic CV with Fe/HER, Ru=12.0 ohm, C_dl=40.0 uF"
15.4,-0.945461034399279,-0.00962532462369671,1.0,1,reverse,60.0,3.0,1.0,FE-SO4-SYNTHETIC,Ag/AgCl,"Synthetic CV with Fe/HER, Ru=12.0 ohm, C_dl=40.0 uF"
15.5,-0.9294731127202688,-0.008696763854133347,1.0,1,reverse,60.0,3.0,1.0,FE-SO4-SYNTHETIC,Ag/AgCl,"Synthetic CV with Fe/HER, Ru=12.0 ohm, C_dl=40.0 uF"
15.6,-0.9144253430007315,-0.007866409418789726,1.0,1,reverse,60.0,3.0,1.0,FE-SO4-SYNTHETIC,Ag/AgCl,"Synthetic CV with Fe/HER, Ru=12.0 ohm, C_dl=40.0 uF"
15.7,-0.9002614745085076,-0.00711107939319498,1.0,1,reverse,60.0,3.0,1.0,FE-SO4-SYNTHETIC,Ag/AgCl,"Synthetic CV with Fe/HER, Ru=12.0 ohm, C_dl=40.0 uF"
15.8,-0.886923831904483,-0.006407036557330412,1.0,1,reverse,60.0,3.0,1.0,FE-SO4-SYNTHETIC,Ag/AgCl,"Synthetic CV with Fe/HER, Ru=12.0 ohm, C_dl=40.0 uF"
15.9,-0.8743543149609039,-0.005784399655093126,1.0,1,reverse,60.0,3.0,1.0,FE-SO4-SYNTHETIC,Ag/AgCl,"Synthetic CV with Fe/HER, Ru=12.0 ohm, C_dl=40.0 uF"
16.0,-0.8624953276062408,-0.005204008544168019,1.0,1,reverse,60.0,3.0,1.0,FE-SO4-SYNTHETIC,Ag/AgCl,"Synthetic CV with Fe/HER, Ru=12.0 ohm, C_dl=40.0 uF"
16.1,-0.8512905880020871,-0.004685089355612223,1.0,1,reverse,60.0,3.0,1.0,FE-SO4-SYNTHETIC,Ag/AgCl,"Synthetic CV with Fe/HER, Ru=12.0 ohm, C_dl=40.0 uF"
16.2,-0.8406857940987755,-0.004227919586489715,1.0,1,reverse,60.0,3.0,1.0,FE-SO4-SYNTHETIC,Ag/AgCl,"Synthetic CV with Fe/HER, Ru=12.0 ohm, C_dl=40.0 uF"
16.3,-0.8306291371565985,-0.0037976112157369793,1.0,1,reverse,60.0,3.0,1.0,FE-SO4-SYNTHETIC,Ag/AgCl,"Synthetic CV with Fe/HER, Ru=12.0 ohm, C_dl=40.0 uF"
16.4,-0.8210716687447783,-0.003420575157430179,1.0,1,reverse,60.0,3.0,1.0,FE-SO4-SYNTHETIC,Ag/AgCl,"Synthetic CV with Fe/HER, Ru=12.0 ohm, C_dl=40.0 uF"
16.5,-0.811967535143597,-0.00307651762783311,1.0,1,reverse,60.0,3.0,1.0,FE-SO4-SYNTHETIC,Ag/AgCl,"Synthetic CV with Fe/HER, Ru=12.0 ohm, C_dl=40.0 uF"
16.6,-0.8032740976652245,-0.0027633575071887694,1.0,1,reverse,60.0,3.0,1.0,FE-SO4-SYNTHETIC,Ag/AgCl,"Synthetic CV with Fe/HER, Ru=12.0 ohm, C_dl=40.0 uF"
16.7,-0.7949519590948697,-0.0024972235318191593,1.0,1,reverse,60.0,3.0,1.0,FE-SO4-SYNTHETIC,Ag/AgCl,"Synthetic CV with Fe/HER, Ru=12.0 ohm, C_dl=40.0 uF"
16.8,-0.7869649161168439,-0.0022508450238921157,1.0,1,reverse,60.0,3.0,1.0,FE-SO4-SYNTHETIC,Ag/AgCl,"Synthetic CV with Fe/HER, Ru=12.0 ohm, C_dl=40.0 uF"
16.9,-0.7792798559811908,-0.0020277689039140236,1.0,1,reverse,60.0,3.0,1.0,FE-SO4-SYNTHETIC,Ag/AgCl,"Synthetic CV with Fe/HER, Ru=12.0 ohm, C_dl=40.0 uF"
17.0,-0.7718666133725927,-0.001826296832474219,1.0,1,reverse,60.0,3.0,1.0,FE-SO4-SYNTHETIC,Ag/AgCl,"Synthetic CV with Fe/HER, Ru=12.0 ohm, C_dl=40.0 uF"
17.1,-0.7646978008888287,-0.0016418689159494598,1.0,1,reverse,60.0,3.0,1.0,FE-SO4-SYNTHETIC,Ag/AgCl,"Synthetic CV with Fe/HER, Ru=12.0 ohm, C_dl=40.0 uF"
17.2,-0.7577486240047768,-0.001477346240523986,1.0,1,reverse,60.0,3.0,1.0,FE-SO4-SYNTHETIC,Ag/AgCl,"Synthetic CV with Fe/HER, Ru=12.0 ohm, C_dl=40.0 uF"
17.3,-0.7509966890616823,-0.0013316739678102107,1.0,1,reverse,60.0,3.0,1.0,FE-SO4-SYNTHETIC,Ag/AgCl,"Synthetic CV with Fe/HER, Ru=12.0 ohm, C_dl=40.0 uF"
17.4,-0.7444218107694889,-0.0011976816478788922,1.0,1,reverse,60.0,3.0,1.0,FE-SO4-SYNTHETIC,Ag/AgCl,"Synthetic CV with Fe/HER, Ru=12.0 ohm, C_dl=40.0 uF"
17.5,-0.7380058239749264,-0.0010837536551178174,1.0,1,reverse,60.0,3.0,1.0,FE-SO4-SYNTHETIC,Ag/AgCl,"Synthetic CV with Fe/HER, Ru=12.0 ohm, C_dl=40.0 uF"
17.6,-0.7317324030257973,-0.0009704325817639959,1.0,1,reverse,60.0,3.0,1.0,FE-SO4-SYNTHETIC,Ag/AgCl,"Synthetic CV with Fe/HER, Ru=12.0 ohm, C_dl=40.0 uF"
17.7,-0.7255868909273961,-0.0008835641947825337,1.0,1,reverse,60.0,3.0,1.0,FE-SO4-SYNTHETIC,Ag/AgCl,"Synthetic CV with Fe/HER, Ru=12.0 ohm, C_dl=40.0 uF"
17.8,-0.7195561396046881,-0.0007827441212243941,1.0,1,reverse,60.0,3.0,1.0,FE-SO4-SYNTHETIC,Ag/AgCl,"Synthetic CV with Fe/HER, Ru=12.0 ohm, C_dl=40.0 uF"
17.9,-0.7136283619148216,-0.0007159018228296415,1.0,1,reverse,60.0,3.0,1.0,FE-SO4-SYNTHETIC,Ag/AgCl,"Synthetic CV with Fe/HER, Ru=12.0 ohm, C_dl=40.0 uF"
18.0,-0.7077929955607882,-0.0006537020845144421,1.0,1,reverse,60.0,3.0,1.0,FE-SO4-SYNTHETIC,Ag/AgCl,"Synthetic CV with Fe/HER, Ru=12.0 ohm, C_dl=40.0 uF"
18.1,-0.7020405787039639,-0.0005920693544873016,1.0,1,reverse,60.0,3.0,1.0,FE-SO4-SYNTHETIC,Ag/AgCl,"Synthetic CV with Fe/HER, Ru=12.0 ohm, C_dl=40.0 uF"
18.2,-0.6963626368307008,-0.0005278073738155175,1.0,1,reverse,60.0,3.0,1.0,FE-SO4-SYNTHETIC,Ag/AgCl,"Synthetic CV with Fe/HER, Ru=12.0 ohm, C_dl=40.0 uF"
18.3,-0.6907515802707097,-0.0004804156698191031,1.0,1,reverse,60.0,3.0,1.0,FE-SO4-SYNTHETIC,Ag/AgCl,"Synthetic CV with Fe/HER, Ru=12.0 ohm, C_dl=40.0 uF"
18.4,-0.6852006116718004,-0.0004298143035129034,1.0,1,reverse,60.0,3.0,1.0,FE-SO4-SYNTHETIC,Ag/AgCl,"Synthetic CV with Fe/HER, Ru=12.0 ohm, C_dl=40.0 uF"
18.5,-0.6797036426898933,-0.00038960403603489755,1.0,1,reverse,60.0,3.0,1.0,FE-SO4-SYNTHETIC,Ag/AgCl,"Synthetic CV with Fe/HER, Ru=12.0 ohm, C_dl=40.0 uF"
18.6,-0.6742552191418422,-0.0003549657397168082,1.0,1,reverse,60.0,3.0,1.0,FE-SO4-SYNTHETIC,Ag/AgCl,"Synthetic CV with Fe/HER, Ru=12.0 ohm, C_dl=40.0 uF"
18.7,-0.6688504538812665,-0.0003251051253625496,1.0,1,reverse,60.0,3.0,1.0,FE-SO4-SYNTHETIC,Ag/AgCl,"Synthetic CV with Fe/HER, Ru=12.0 ohm, C_dl=40.0 uF"
18.8,-0.6634849666864253,-0.0002979881266588808,1.0,1,reverse,60.0,3.0,1.0,FE-SO4-SYNTHETIC,Ag/AgCl,"Synthetic CV with Fe/HER, Ru=12.0 ohm, C_dl=40.0 uF"
18.9,-0.6581548304883201,-0.0002651351154536747,1.0,1,reverse,60.0,3.0,1.0,FE-SO4-SYNTHETIC,Ag/AgCl,"Synthetic CV with Fe/HER, Ru=12.0 ohm, C_dl=40.0 uF"
19.0,-0.6528565233122788,-0.00023376161538495312,1.0,1,reverse,60.0,3.0,1.0,FE-SO4-SYNTHETIC,Ag/AgCl,"Synthetic CV with Fe/HER, Ru=12.0 ohm, C_dl=40.0 uF"
19.1,-0.6475868853541588,-0.0002145033107925763,1.0,1,reverse,60.0,3.0,1.0,FE-SO4-SYNTHETIC,Ag/AgCl,"Synthetic CV with Fe/HER, Ru=12.0 ohm, C_dl=40.0 uF"
19.2,-0.6423430806607056,-0.00020148541561902344,1.0,1,reverse,60.0,3.0,1.0,FE-SO4-SYNTHETIC,Ag/AgCl,"Synthetic CV with Fe/HER, Ru=12.0 ohm, C_dl=40.0 uF"
19.3,-0.6371225629310385,-0.00017601433962395166,1.0,1,reverse,60.0,3.0,1.0,FE-SO4-SYNTHETIC,Ag/AgCl,"Synthetic CV with Fe/HER, Ru=12.0 ohm, C_dl=40.0 uF"
19.4,-0.6319230450016333,-0.00015832716323746339,1.0,1,reverse,60.0,3.0,1.0,FE-SO4-SYNTHETIC,Ag/AgCl,"Synthetic CV with Fe/HER, Ru=12.0 ohm, C_dl=40.0 uF"
19.5,-0.6265549286024462,-0.00013399667071818788,1.0,1,reverse,60.0,3.0,1.0,FE-SO4-SYNTHETIC,Ag/AgCl,"Synthetic CV with Fe/HER, Ru=12.0 ohm, C_dl=40.0 uF"
19.6,-0.621416,-0.00011723137447027235,1.0,1,reverse,60.0,3.0,1.0,FE-SO4-SYNTHETIC,Ag/AgCl,"Synthetic CV with Fe/HER, Ru=12.0 ohm, C_dl=40.0 uF"
19.7,-0.6162892956086725,-0.00010715025713047916,1.0,1,reverse,60.0,3.0,1.0,FE-SO4-SYNTHETIC,Ag/AgCl,"Synthetic CV with Fe/HER, Ru=12.0 ohm, C_dl=40.0 uF"
19.8,-0.6111737398303878,-0.00010352650402147362,1.0,1,reverse,60.0,3.0,1.0,FE-SO4-SYNTHETIC,Ag/AgCl,"Synthetic CV with Fe/HER, Ru=12.0 ohm, C_dl=40.0 uF"
19.9,-0.606068351708042,-8.724037220176061e-05,1.0,1,reverse,60.0,3.0,1.0,FE-SO4-SYNTHETIC,Ag/AgCl,"Synthetic CV with Fe/HER, Ru=12.0 ohm, C_dl=40.0 uF"
20.0,-0.6009722365981233,-7.821579387843118e-05,1.0,1,reverse,60.0,3.0,1.0,FE-SO4-SYNTHETIC,Ag/AgCl,"Synthetic CV with Fe/HER, Ru=12.0 ohm, C_dl=40.0 uF"
20.1,-0.5958845785760515,-6.829962512174678e-05,1.0,1,reverse,60.0,3.0,1.0,FE-SO4-SYNTHETIC,Ag/AgCl,"Synthetic CV with Fe/HER, Ru=12.0 ohm, C_dl=40.0 uF"
20.2,-0.5908046335097654,-6.178378222028429e-05,1.0,1,reverse,60.0,3.0,1.0,FE-SO4-SYNTHETIC,Ag/AgCl,"Synthetic CV with Fe/HER, Ru=12.0 ohm, C_dl=40.0 uF"
20.3,-0.5857317227427596,-6.786524206975813e-05,1.0,1,reverse,60.0,3.0,1.0,FE-SO4-SYNTHETIC,Ag/AgCl,"Synthetic CV with Fe/HER, Ru=12.0 ohm, C_dl=40.0 uF"
20.4,-0.5806652273329446,-6.012473627829218e-05,1.0,1,reverse,60.0,3.0,1.0,FE-SO4-SYNTHETIC,Ag/AgCl,"Synthetic CV with Fe/HER, Ru=12.0 ohm, C_dl=40.0 uF"
20.5,-0.5756045827984257,-4.7806723532776575e-05,1.0,1,reverse,60.0,3.0,1.0,FE-SO4-SYNTHETIC,Ag/AgCl,"Synthetic CV with Fe/HER, Ru=12.0 ohm, C_dl=40.0 uF"
20.6,-0.570549274325597,-4.320393071185858e-05,1.0,1,reverse,60.0,3.0,1.0,FE-SO4-SYNTHETIC,Ag/AgCl,"Synthetic CV with Fe/HER, Ru=12.0 ohm, C_dl=40.0 uF"
20.7,-0.5654988323988689,-3.899412814088188e-05,1.0,1,reverse,60.0,3.0,1.0,FE-SO4-SYNTHETIC,Ag/AgCl,"Synthetic CV with Fe/HER, Ru=12.0 ohm, C_dl=40.0 uF"
20.8,-0.5604528288149349,-1.847207712463728e-05,1.0,1,reverse,60.0,3.0,1.0,FE-SO4-SYNTHETIC,Ag/AgCl,"Synthetic CV with Fe/HER, Ru=12.0 ohm, C_dl=40.0 uF"
20.9,-0.5554108730477378,-3.1384968091358315e-05,1.0,1,reverse,60.0,3.0,1.0,FE-SO4-SYNTHETIC,Ag/AgCl,"Synthetic CV with Fe/HER, Ru=12.0 ohm, C_dl=40.0 uF"
21.0,-0.5503726089332808,-2.5372916239155036e-05,1.0,1,reverse,60.0,3.0,1.0,FE-SO4-SYNTHETIC,Ag/AgCl,"Synthetic CV with Fe/HER, Ru=12.0 ohm, C_dl=40.0 uF"
21.1,-0.5453377116461373,-2.3372628360648913e-05,1.0,1,reverse,60.0,3.0,1.0,FE-SO4-SYNTHETIC,Ag/AgCl,"Synthetic CV with Fe/HER, Ru=12.0 ohm, C_dl=40.0 uF"
21.2,-0.5403058849419986,-2.2233455576684307e-05,1.0,1,reverse,60.0,3.0,1.0,FE-SO4-SYNTHETIC,Ag/AgCl,"Synthetic CV with Fe/HER, Ru=12.0 ohm, C_dl=40.0 uF"
21.3,-0.5352768586428429,-2.4647899793450164e-05,1.0,1,reverse,60.0,3.0,1.0,FE-SO4-SYNTHETIC,Ag/AgCl,"Synthetic CV with Fe/HER, Ru=12.0 ohm, C_dl=40.0 uF"
21.4,-0.5302503863433867,-1.707068251309264e-05,1.0,1,reverse,60.0,3.0,1.0,FE-SO4-SYNTHETIC,Ag/AgCl,"Synthetic CV with Fe/HER, Ru=12.0 ohm, C_dl=40.0 uF"
21.5,-0.52522624331934,-2.2717736017680372e-05,1.0,1,reverse,60.0,3.0,1.0,FE-SO4-SYNTHETIC,Ag/AgCl,"Synthetic CV with Fe/HER, Ru=12.0 ohm, C_dl=40.0 uF"
21.6,-0.5202042246197144,-1.820281134323341e-05,1.0,1,reverse,60.0,3.0,1.0,FE-SO4-SYNTHETIC,Ag/AgCl,"Synthetic CV with Fe/HER, Ru=12.0 ohm, C_dl=40.0 uF"
21.7,-0.5151841433269875,-1.7772094988096655e-05,1.0,1,reverse,60.0,3.0,1.0,FE-SO4-SYNTHETIC,Ag/AgCl,"Synthetic CV with Fe/HER, Ru=12.0 ohm, C_dl=40.0 uF"
21.8,-0.5101658289703521,-1.3409710165745275e-05,1.0,1,reverse,60.0,3.0,1.0,FE-SO4-SYNTHETIC,Ag/AgCl,"Synthetic CV with Fe/HER, Ru=12.0 ohm, C_dl=40.0 uF"
21.9,-0.5051491260785849,-8.538803820414129e-07,1.0,1,reverse,60.0,3.0,1.0,FE-SO4-SYNTHETIC,Ag/AgCl,"Synthetic CV with Fe/HER, Ru=12.0 ohm, C_dl=40.0 uF"
22.0,-0.5001338928602446,-2.049406431667696e-05,1.0,1,reverse,60.0,3.0,1.0,FE-SO4-SYNTHETIC,Ag/AgCl,"Synthetic CV with Fe/HER, Ru=12.0 ohm, C_dl=40.0 uF"
22.1,-0.49512,-6.568699048127432e-06,1.0,1,reverse,60.0,3.0,1.0,FE-SO4-SYNTHETIC,Ag/AgCl,"Synthetic CV with Fe/HER, Ru=12.0 ohm, C_dl=40.0 uF"
22.2,-0.49010732956086717,-1.700770942821916e-05,1.0,1,reverse,60.0,3.0,1.0,FE-SO4-SYNTHETIC,Ag/AgCl,"Synthetic CV with Fe/HER, Ru=12.0 ohm, C_dl=40.0 uF"
22.3,-0.48509577398303877,-1.034082458217922e-05,1.0,1,reverse,60.0,3.0,1.0,FE-SO4-SYNTHETIC,Ag/AgCl,"Synthetic CV with Fe/HER, Ru=12.0 ohm, C_dl=40.0 uF"
22.4,-0.4800852351708042,-1.6581779155133715e-06,1.0,1,reverse,60.0,3.0,1.0,FE-SO4-SYNTHETIC,Ag/AgCl,"Synthetic CV with Fe/HER, Ru=12.0 ohm, C_dl=40.0 uF"
22.5,-0.4750756236598123,-5.98057155554992e-06,1.0,1,reverse,60.0,3.0,1.0,FE-SO4-SYNTHETIC,Ag/AgCl,"Synthetic CV with Fe/HER, Ru=12.0 ohm, C_dl=40.0 uF"
22.6,-0.47006685785760516,-1.0960212023408853e-05,1.0,1,reverse,60.0,3.0,1.0,FE-SO4-SYNTHETIC,Ag/AgCl,"Synthetic CV with Fe/HER, Ru=12.0 ohm, C_dl=40.0 uF"
22.7,-0.4650588633509765,-8.481797794345722e-06,1.0,1,reverse,60.0,3.0,1.0,FE-SO4-SYNTHETIC,Ag/AgCl,"Synthetic CV with Fe/HER, Ru=12.0 ohm, C_dl=40.0 uF"
22.8,-0.46005157227427596,-8.997007783238869e-07,1.0,1,reverse,60.0,3.0,1.0,FE-SO4-SYNTHETIC,Ag/AgCl,"Synthetic CV with Fe/HER, Ru=12.0 ohm, C_dl=40.0 uF"
22.9,-0.45504492273329444,-7.39539426645734e-06,1.0,1,reverse,60.0,3.0,1.0,FE-SO4-SYNTHETIC,Ag/AgCl,"Synthetic CV with Fe/HER, Ru=12.0 ohm, C_dl=40.0 uF"
23.0,-0.4500388582798426,-2.1558970389721186e-06,1.0,1,reverse,60.0,3.0,1.0,FE-SO4-SYNTHETIC,Ag/AgCl,"Synthetic CV with Fe/HER, Ru=12.0 ohm, C_dl=40.0 uF"
23.1,-0.4450333274325597,-2.5494268471228983e-06,1.0,1,reverse,60.0,3.0,1.0,FE-SO4-SYNTHETIC,Ag/AgCl,"Synthetic CV with Fe/HER, Ru=12.0 ohm, C_dl=40.0 uF"
23.2,-0.44002828323988685,-5.614938395270297e-06,1.0,1,reverse,60.0,3.0,1.0,FE-SO4-SYNTHETIC,Ag/AgCl,"Synthetic CV with Fe/HER, Ru=12.0 ohm, C_dl=40.0 uF"
23.3,-0.43502368288149346,8.74614698883554e-06,1.0,1,reverse,60.0,3.0,1.0,FE-SO4-SYNTHETIC,Ag/AgCl,"Synthetic CV with Fe/HER, Ru=12.0 ohm, C_dl=40.0 uF"
23.4,-0.4300194873047738,1.5456530471076379e-06,1.0,1,reverse,60.0,3.0,1.0,FE-SO4-SYNTHETIC,Ag/AgCl,"Synthetic CV with Fe/HER, Ru=12.0 ohm, C_dl=40.0 uF"
23.5,-0.42501566089332804,-1.1430787377293835e-05,1.0,1,reverse,60.0,3.0,1.0,FE-SO4-SYNTHETIC,Ag/AgCl,"Synthetic CV with Fe/HER, Ru=12.0 ohm, C_dl=40.0 uF"
23.6,-0.42001217116461365,-8.199214396435379e-08,1.0,1,reverse,60.0,3.0,1.0,FE-SO4-SYNTHETIC,Ag/AgCl,"Synthetic CV with Fe/HER, Ru=12.0 ohm, C_dl=40.0 uF"
23.7,-0.41500898849419976,-4.0579735071632636e-06,1.0,1,reverse,60.0,3.0,1.0,FE-SO4-SYNTHETIC,Ag/AgCl,"Synthetic CV with Fe/HER, Ru=12.0 ohm, C_dl=40.0 uF"
23.8,-0.4100060858642843,3.755011316956274e-06,1.0,1,reverse,60.0,3.0,1.0,FE-SO4-SYNTHETIC,Ag/AgCl,"Synthetic CV with Fe/HER, Ru=12.0 ohm, C_dl=40.0 uF"
23.9,-0.40500343863433863,-4.2491565537194e-06,1.0,1,reverse,60.0,3.0,1.0,FE-SO4-SYNTHETIC,Ag/AgCl,"Synthetic CV with Fe/HER, Ru=12.0 ohm, C_dl=40.0 uF"
24.0,-0.400001024331934,-6.590432018337464e-07,1.0,1,reverse,60.0,3.0,1.0,FE-SO4-SYNTHETIC,Ag/AgCl,"Synthetic CV with Fe/HER, Ru=12.0 ohm, C_dl=40.0 uF"
24.1,-0.3949988224619713,2.6230645639489533e-06,1.0,1,reverse,60.0,3.0,1.0,FE-SO4-SYNTHETIC,Ag/AgCl,"Synthetic CV with Fe/HER, Ru=12.0 ohm, C_dl=40.0 uF"
24.2,-0.38999681433269867,4.5942482459554985e-06,1.0,1,reverse,60.0,3.0,1.0,FE-SO4-SYNTHETIC,Ag/AgCl,"Synthetic CV with Fe/HER, Ru=12.0 ohm, C_dl=40.0 uF"
24.3,-0.3849949828970352,-5.58339012154657e-06,1.0,1,reverse,60.0,3.0,1.0,FE-SO4-SYNTHETIC,Ag/AgCl,"Synthetic CV with Fe/HER, Ru=12.0 ohm, C_dl=40.0 uF"
24.4,-0.3799933126078585,-1.1152235007456374e-06,1.0,1,reverse,60.0,3.0,1.0,FE-SO4-SYNTHETIC,Ag/AgCl,"Synthetic CV with Fe/HER, Ru=12.0 ohm, C_dl=40.0 uF"
24.5,-0.37499178928602445,-1.6905003911766028e-06,1.0,1,reverse,60.0,3.0,1.0,FE-SO4-SYNTHETIC,Ag/AgCl,"Synthetic CV with Fe/HER, Ru=12.0 ohm, C_dl=40.0 uF"
24.6,-0.3699903999999999,-2.466646162868559e-06,1.0,1,reverse,60.0,3.0,1.0,FE-SO4-SYNTHETIC,Ag/AgCl,"Synthetic CV with Fe/HER, Ru=12.0 ohm, C_dl=40.0 uF"
24.7,-0.3649904,9.627271201405486e-06,1.0,1,reverse,60.0,3.0,1.0,FE-SO4-SYNTHETIC,Ag/AgCl,"Synthetic CV with Fe/HER, Ru=12.0 ohm, C_dl=40.0 uF"
24.8,-0.3599904,2.824908554804778e-06,1.0,1,reverse,60.0,3.0,1.0,FE-SO4-SYNTHETIC,Ag/AgCl,"Synthetic CV with Fe/HER, Ru=12.0 ohm, C_dl=40.0 uF"
24.9,-0.3549904,-5.504419771675226e-06,1.0,1,reverse,60.0,3.0,1.0,FE-SO4-SYNTHETIC,Ag/AgCl,"Synthetic CV with Fe/HER, Ru=12.0 ohm, C_dl=40.0 uF"
25.0,-0.3499904,5.389309735273881e-06,1.0,1,reverse,60.0,3.0,1.0,FE-SO4-SYNTHETIC,Ag/AgCl,"Synthetic CV with Fe/HER, Ru=12.0 ohm, C_dl=40.0 uF"
25.1,-0.3449904,1.1410780985063168e-05,1.0,1,reverse,60.0,3.0,1.0,FE-SO4-SYNTHETIC,Ag/AgCl,"Synthetic CV with Fe/HER, Ru=12.0 ohm, C_dl=40.0 uF"
25.2,-0.33999039999999997,5.962326302755735e-06,1.0,1,reverse,60.0,3.0,1.0,FE-SO4-SYNTHETIC,Ag/AgCl,"Synthetic CV with Fe/HER, Ru=12.0 ohm, C_dl=40.0 uF"
25.3,-0.33499039999999997,-6.7968498297700666e-06,1.0,1,reverse,60.0,3.0,1.0,FE-SO4-SYNTHETIC,Ag/AgCl,"Synthetic CV with Fe/HER, Ru=12.0 ohm, C_dl=40.0 uF"
25.4,-0.32999039999999996,-1.6211703643312567e-06,1.0,1,reverse,60.0,3.0,1.0,FE-SO4-SYNTHETIC,Ag/AgCl,"Synthetic CV with Fe/HER, Ru=12.0 ohm, C_dl=40.0 uF"
25.5,-0.32499039999999996,7.134555745933115e-06,1.0,1,reverse,60.0,3.0,1.0,FE-SO4-SYNTHETIC,Ag/AgCl,"Synthetic CV with Fe/HER, Ru=12.0 ohm, C_dl=40.0 uF"
25.6,-0.31999039999999995,-2.7383473280939036e-06,1.0,1,reverse,60.0,3.0,1.0,FE-SO4-SYNTHETIC,Ag/AgCl,"Synthetic CV with Fe/HER, Ru=12.0 ohm, C_dl=40.0 uF"
25.7,-0.31499039999999995,3.0190971407311426e-06,1.0,1,reverse,60.0,3.0,1.0,FE-SO4-SYNTHETIC,Ag/AgCl,"Synthetic CV with Fe/HER, Ru=12.0 ohm, C_dl=40.0 uF"
25.8,-0.30999039999999994,4.673170267146684e-06,1.0,1,reverse,60.0,3.0,1.0,FE-SO4-SYNTHETIC,Ag/AgCl,"Synthetic CV with Fe/HER, Ru=12.0 ohm, C_dl=40.0 uF"
25.9,-0.30499039999999994,-3.834652357890415e-06,1.0,1,reverse,60.0,3.0,1.0,FE-SO4-SYNTHETIC,Ag/AgCl,"Synthetic CV with Fe/HER, Ru=12.0 ohm, C_dl=40.0 uF"
26.0,-0.29999039999999993,5.023732196909999e-07,1.0,1,reverse,60.0,3.0,1.0,FE-SO4-SYNTHETIC,Ag/AgCl,"Synthetic CV with Fe/HER, Ru=12.0 ohm, C_dl=40.0 uF"
26.1,-0.29499039999999993,-1.5406336700345364e-05,1.0,1,reverse,60.0,3.0,1.0,FE-SO4-SYNTHETIC,Ag/AgCl,"Synthetic CV with Fe/HER, Ru=12.0 ohm, C_dl=40.0 uF"
26.2,-0.2899903999999999,-4.321938206671449e-06,1.0,1,reverse,60.0,3.0,1.0,FE-SO4-SYNTHETIC,Ag/AgCl,"Synthetic CV with Fe/HER, Ru=12.0 ohm, C_dl=40.0 uF"
26.3,-0.2849903999999999,-4.6284075696580123e-07,1.0,1,reverse,60.0,3.0,1.0,FE-SO4-SYNTHETIC,Ag/AgCl,"Synthetic CV with Fe/HER, Ru=12.0 ohm, C_dl=40.0 uF"
26.4,-0.2799903999999999,-5.4389159098242475e-06,1.0,1,reverse,60.0,3.0,1.0,FE-SO4-SYNTHETIC,Ag/AgCl,"Synthetic CV with Fe/HER, Ru=12.0 ohm, C_dl=40.0 uF"
26.5,-0.2749904,8.962056519658177e-06,1.0,1,reverse,60.0,3.0,1.0,FE-SO4-SYNTHETIC,Ag/AgCl,"Synthetic CV with Fe/HER, Ru=12.0 ohm, C_dl=40.0 uF"
26.6,-0.2699903999999999,-6.350706889803164e-06,1.0,1,reverse,60.0,3.0,1.0,FE-SO4-SYNTHETIC,Ag/AgCl,"Synthetic CV with Fe/HER, Ru=12.0 ohm, C_dl=40.0 uF"
26.7,-0.2649903999999999,-1.4002224334849184e-06,1.0,1,reverse,60.0,3.0,1.0,FE-SO4-SYNTHETIC,Ag/AgCl,"Synthetic CV with Fe/HER, Ru=12.0 ohm, C_dl=40.0 uF"
26.8,-0.2599903999999999,1.453702886430457e-06,1.0,1,reverse,60.0,3.0,1.0,FE-SO4-SYNTHETIC,Ag/AgCl,"Synthetic CV with Fe/HER, Ru=12.0 ohm, C_dl=40.0 uF"
26.9,-0.2549904,8.006366445330578e-06,1.0,1,reverse,60.0,3.0,1.0,FE-SO4-SYNTHETIC,Ag/AgCl,"Synthetic CV with Fe/HER, Ru=12.0 ohm, C_dl=40.0 uF"
27.0,-0.2499904,-6.379310755897197e-06,1.0,1,reverse,60.0,3.0,1.0,FE-SO4-SYNTHETIC,Ag/AgCl,"Synthetic CV with Fe/HER, Ru=12.0 ohm, C_dl=40.0 uF"
27.1,-0.24499039999999989,6.615818760774799e-06,1.0,1,reverse,60.0,3.0,1.0,FE-SO4-SYNTHETIC,Ag/AgCl,"Synthetic CV with Fe/HER, Ru=12.0 ohm, C_dl=40.0 uF"
27.2,-0.23999039999999988,8.511653050979357e-07,1.0,1,reverse,60.0,3.0,1.0,FE-SO4-SYNTHETIC,Ag/AgCl,"Synthetic CV with Fe/HER, Ru=12.0 ohm, C_dl=40.0 uF"
27.3,-0.2349904,-4.107543255239755e-06,1.0,1,reverse,60.0,3.0,1.0,FE-SO4-SYNTHETIC,Ag/AgCl,"Synthetic CV with Fe/HER, Ru=12.0 ohm, C_dl=40.0 uF"
27.4,-0.22999039999999998,3.1105173713163542e-06,1.0,1,reverse,60.0,3.0,1.0,FE-SO4-SYNTHETIC,Ag/AgCl,"Synthetic CV with Fe/HER, Ru=12.0 ohm, C_dl=40.0 uF"
27.5,-0.22499039999999998,1.7952984778673506e-06,1.0,1,reverse,60.0,3.0,1.0,FE-SO4-SYNTHETIC,Ag/AgCl,"Synthetic CV with Fe/HER, Ru=12.0 ohm, C_dl=40.0 uF"
27.6,-0.21999039999999986,-2.201084385793973e-06,1.0,1,reverse,60.0,3.0,1.0,FE-SO4-SYNTHETIC,Ag/AgCl,"Synthetic CV with Fe/HER, Ru=12.0 ohm, C_dl=40.0 uF"
27.7,-0.21499039999999997,1.1490104249500949e-06,1.0,1,reverse,60.0,3.0,1.0,FE-SO4-SYNTHETIC,Ag/AgCl,"Synthetic CV with Fe/HER, Ru=12.0 ohm, C_dl=40.0 uF"
27.8,-0.20999039999999997,-1.126567984308801e-06,1.0,1,reverse,60.0,3.0,1.0,FE-SO4-SYNTHETIC,Ag/AgCl,"Synthetic CV with Fe/HER, Ru=12.0 ohm, C_dl=40.0 uF"
27.9,-0.20499039999999996,1.3675867262562408e-06,1.0,1,reverse,60.0,3.0,1.0,FE-SO4-SYNTHETIC,Ag/AgCl,"Synthetic CV with Fe/HER, Ru=12.0 ohm, C_dl=40.0 uF"
28.0,-0.19999039999999996,4.110653372605234e-06,1.0,1,reverse,60.0,3.0,1.0,FE-SO4-SYNTHETIC,Ag/AgCl,"Synthetic CV with Fe/HER, Ru=12.0 ohm, C_dl=40.0 uF"
28.0,-0.2000384,4.7300840807267616e-06,1.0,2,forward,60.0,3.0,1.0,FE-SO4-SYNTHETIC,Ag/AgCl,"Synthetic CV with Fe/HER, Ru=12.0 ohm, C_dl=40.0 uF"
28.1,-0.2050384,-9.389077494134246e-06,1.0,2,forward,60.0,3.0,1.0,FE-SO4-SYNTHETIC,Ag/AgCl,"Synthetic CV with Fe/HER, Ru=12.0 ohm, C_dl=40.0 uF"
28.2,-0.21003840000000001,7.465166873281334e-06,1.0,2,forward,60.0,3.0,1.0,FE-SO4-SYNTHETIC,Ag/AgCl,"Synthetic CV with Fe/HER, Ru=12.0 ohm, C_dl=40.0 uF"
28.3,-0.21503840000000002,-1.296043899761251e-05,1.0,2,forward,60.0,3.0,1.0,FE-SO4-SYNTHETIC,Ag/AgCl,"Synthetic CV with Fe/HER, Ru=12.0 ohm, C_dl=40.0 uF"
28.4,-0.22003840000000002,-3.958925475177917e-06,1.0,2,forward,60.0,3.0,1.0,FE-SO4-SYNTHETIC,Ag/AgCl,"Synthetic CV with Fe/HER, Ru=12.0 ohm, C_dl=40.0 uF"
28.5,-0.2250384,-2.584139675771173e-07,1.0,2,forward,60.0,3.0,1.0,FE-SO4-SYNTHETIC,Ag/AgCl,"Synthetic CV with Fe/HER, Ru=12.0 ohm, C_dl=40.0 uF"
28.6,-0.2300384,-1.795040661324837e-06,1.0,2,forward,60.0,3.0,1.0,FE-SO4-SYNTHETIC,Ag/AgCl,"Synthetic CV with Fe/HER, Ru=12.0 ohm, C_dl=40.0 uF"
28.7,-0.2350384,-6.31349759910297e-06,1.0,2,forward,60.0,3.0,1.0,FE-SO4-SYNTHETIC,Ag/AgCl,"Synthetic CV with Fe/HER, Ru=12.0 ohm, C_dl=40.0 uF"
28.8,-0.2400384,-4.240611251786376e-06,1.0,2,forward,60.0,3.0,1.0,FE-SO4-SYNTHETIC,Ag/AgCl,"Synthetic CV with Fe/HER, Ru=12.0 ohm, C_dl=40.0 uF"
28.9,-0.24503840000000002,-5.665004673294165e-06,1.0,2,forward,60.0,3.0,1.0,FE-SO4-SYNTHETIC,Ag/AgCl,"Synthetic CV with Fe/HER, Ru=12.0 ohm, C_dl=40.0 uF"
29.0,-0.2500384,-6.146823784721058e-06,1.0,2,forward,60.0,3.0,1.0,FE-SO4-SYNTHETIC,Ag/AgCl,"Synthetic CV with Fe/HER, Ru=12.0 ohm, C_dl=40.0 uF"
29.1,-0.2550384,1.048010485105123e-06,1.0,2,forward,60.0,3.0,1.0,FE-SO4-SYNTHETIC,Ag/AgCl,"Synthetic CV with Fe/HER, Ru=12.0 ohm, C_dl=40.0 uF"
29.2,-0.2600384,-1.4149225701747634e-06,1.0,2,forward,60.0,3.0,1.0,FE-SO4-SYNTHETIC,Ag/AgCl,"Synthetic CV with Fe/HER, Ru=12.0 ohm, C_dl=40.0 uF"
29.3,-0.2650384,-6.6645479763032715e-06,1.0,2,forward,60.0,3.0,1.0,FE-SO4-SYNTHETIC,Ag/AgCl,"Synthetic CV with Fe/HER, Ru=12.0 ohm, C_dl=40.0 uF"
29.4,-0.2700384,1.2979993771662534e-06,1.0,2,forward,60.0,3.0,1.0,FE-SO4-SYNTHETIC,Ag/AgCl,"Synthetic CV with Fe/HER, Ru=12.0 ohm, C_dl=40.0 uF"
29.5,-0.2750384,-1.6635023956169535e-06,1.0,2,forward,60.0,3.0,1.0,FE-SO4-SYNTHETIC,Ag/AgCl,"Synthetic CV with Fe/HER, Ru=12.0 ohm, C_dl=40.0 uF"
29.6,-0.2800384,8.643105941948007e-07,1.0,2,forward,60.0,3.0,1.0,FE-SO4-SYNTHETIC,Ag/AgCl,"Synthetic CV with Fe/HER, Ru=12.0 ohm, C_dl=40.0 uF"
29.7,-0.2850384,-5.185579038193882e-08,1.0,2,forward,60.0,3.0,1.0,FE-SO4-SYNTHETIC,Ag/AgCl,"Synthetic CV with Fe/HER, Ru=12.0 ohm, C_dl=40.0 uF"
29.8,-0.29003840000000003,-7.344975054610362e-06,1.0,2,forward,60.0,3.0,1.0,FE-SO4-SYNTHETIC,Ag/AgCl,"Synthetic CV with Fe/HER, Ru=12.0 ohm, C_dl=40.0 uF"
29.9,-0.29503840000000003,-6.000905200984848e-06,1.0,2,forward,60.0,3.0,1.0,FE-SO4-SYNTHETIC,Ag/AgCl,"Synthetic CV with Fe/HER, Ru=12.0 ohm, C_dl=40.0 uF"
30.0,-0.30003840000000004,5.36468025616309e-07,1.0,2,forward,60.0,3.0,1.0,FE-SO4-SYNTHETIC,Ag/AgCl,"Synthetic CV with Fe/HER, Ru=12.0 ohm, C_dl=40.0 uF"
30.1,-0.30503840000000004,-1.4814867283267602e-07,1.0,2,forward,60.0,3.0,1.0,FE-SO4-SYNTHETIC,Ag/AgCl,"Synthetic CV with Fe/HER, Ru=12.0 ohm, C_dl=40.0 uF"
30.2,-0.31003840000000005,-3.304507969820741e-06,1.0,2,forward,60.0,3.0,1.0,FE-SO4-SYNTHETIC,Ag/AgCl,"Synthetic CV with Fe/HER, Ru=12.0 ohm, C_dl=40.0 uF"
30.3,-0.31503840000000005,-2.6133630834560902e-06,1.0,2,forward,60.0,3.0,1.0,FE-SO4-SYNTHETIC,Ag/AgCl,"Synthetic CV with Fe/HER, Ru=12.0 ohm, C_dl=40.0 uF"
30.4,-0.32003840000000006,3.1883244789421244e-06,1.0,2,forward,60.0,3.0,1.0,FE-SO4-SYNTHETIC,Ag/AgCl,"Synthetic CV with Fe/HER, Ru=12.0 ohm, C_dl=40.0 uF"
30.5,-0.3250384,-6.15785694417915e-06,1.0,2,forward,60.0,3.0,1.0,FE-SO4-SYNTHETIC,Ag/AgCl,"Synthetic CV with Fe/HER, Ru=12.0 ohm, C_dl=40.0 uF"
30.6,-0.3300384,-4.645130941498103e-07,1.0,2,forward,60.0,3.0,1.0,FE-SO4-SYNTHETIC,Ag/AgCl,"Synthetic CV with Fe/HER, Ru=12.0 ohm, C_dl=40.0 uF"
30.7,-0.3350384,-4.210963262169471e-06,1.0,2,forward,60.0,3.0,1.0,FE-SO4-SYNTHETIC,Ag/AgCl,"Synthetic CV with Fe/HER, Ru=12.0 ohm, C_dl=40.0 uF"
30.8,-0.3400384,-4.288406016136102e-06,1.0,2,forward,60.0,3.0,1.0,FE-SO4-SYNTHETIC,Ag/AgCl,"Synthetic CV with Fe/HER, Ru=12.0 ohm, C_dl=40.0 uF"
30.9,-0.3450384,2.2938842599359506e-06,1.0,2,forward,60.0,3.0,1.0,FE-SO4-SYNTHETIC,Ag/AgCl,"Synthetic CV with Fe/HER, Ru=12.0 ohm, C_dl=40.0 uF"
31.0,-0.3500384,9.270817449401492e-07,1.0,2,forward,60.0,3.0,1.0,FE-SO4-SYNTHETIC,Ag/AgCl,"Synthetic CV with Fe/HER, Ru=12.0 ohm, C_dl=40.0 uF"
31.1,-0.35503840000000003,8.675481800031925e-07,1.0,2,forward,60.0,3.0,1.0,FE-SO4-SYNTHETIC,Ag/AgCl,"Synthetic CV with Fe/HER, Ru=12.0 ohm, C_dl=40.0 uF"
31.2,-0.36003840000000004,3.327394035771646e-06,1.0,2,forward,60.0,3.0,1.0,FE-SO4-SYNTHETIC,Ag/AgCl,"Synthetic CV with Fe/HER, Ru=12.0 ohm, C_dl=40.0 uF"
31.3,-0.36503840000000004,-3.0949807918362052e-06,1.0,2,forward,60.0,3.0,1.0,FE-SO4-SYNTHETIC,Ag/AgCl,"Synthetic CV with Fe/HER, Ru=12.0 ohm, C_dl=40.0 uF"
31.4,-0.37003840000000005,2.0976485647481838e-07,1.0,2,forward,60.0,3.0,1.0,FE-SO4-SYNTHETIC,Ag/AgCl,"Synthetic CV with Fe/HER, Ru=12.0 ohm, C_dl=40.0 uF"
31.5,-0.37503978928602444,-4.867107618339103e-06,1.0,2,forward,60.0,3.0,1.0,FE-SO4-SYNTHETIC,Ag/AgCl,"Synthetic CV with Fe/HER, Ru=12.0 ohm, C_dl=40.0 uF"
31.6,-0.3800413126078585,-1.8218855590986856e-06,1.0,2,forward,60.0,3.0,1.0,FE-SO4-SYNTHETIC,Ag/AgCl,"Synthetic CV with Fe/HER, Ru=12.0 ohm, C_dl=40.0 uF"
31.7,-0.3850429828970352,-4.232623358106112e-06,1.0,2,forward,60.0,3.0,1.0,FE-SO4-SYNTHETIC,Ag/AgCl,"Synthetic CV with Fe/HER, Ru=12.0 ohm, C_dl=40.0 uF"
31.8,-0.3900448143326988,-3.2495478999315226e-06,1.0,2,forward,60.0,3.0,1.0,FE-SO4-SYNTHETIC,Ag/AgCl,"Synthetic CV with Fe/HER, Ru=12.0 ohm, C_dl=40.0 uF"
31.9,-0.3950468224619715,-9.260867037687684e-07,1.0,2,forward,60.0,3.0,1.0,FE-SO4-SYNTHETIC,Ag/AgCl,"Synthetic CV with Fe/HER, Ru=12.0 ohm, C_dl=40.0 uF"
32.0,-0.400049024331934,-8.176464410666615e-06,1.0,2,forward,60.0,3.0,1.0,FE-SO4-SYNTHETIC,Ag/AgCl,"Synthetic CV with Fe/HER, Ru=12.0 ohm, C_dl=40.0 uF"
32.1,-0.4050514386343387,6.175383516871403e-06,1.0,2,forward,60.0,3.0,1.0,FE-SO4-SYNTHETIC,Ag/AgCl,"Synthetic CV with Fe/HER, Ru=12.0 ohm, C_dl=40.0 uF"
32.2,-0.4100540858642843,-9.53724226452336e-06,1.0,2,forward,60.0,3.0,1.0,FE-SO4-SYNTHETIC,Ag/AgCl,"Synthetic CV with Fe/HER, Ru=12.0 ohm, C_dl=40.0 uF"
32.3,-0.4150569884941999,-1.081998424725999e-05,1.0,2,forward,60.0,3.0,1.0,FE-SO4-SYNTHETIC,Ag/AgCl,"Synthetic CV with Fe/HER, Ru=12.0 ohm, C_dl=40.0 uF"
32.4,-0.4200601711646138,7.762906496888402e-07,1.0,2,forward,60.0,3.0,1.0,FE-SO4-SYNTHETIC,Ag/AgCl,"Synthetic CV with Fe/HER, Ru=12.0 ohm, C_dl=40.0 uF"
32.5,-0.4250636608933281,-1.3467609741911225e-06,1.0,2,forward,60.0,3.0,1.0,FE-SO4-SYNTHETIC,Ag/AgCl,"Synthetic CV with Fe/HER, Ru=12.0 ohm, C_dl=40.0 uF"
32.6,-0.43006748730477384,-2.5033429792216473e-06,1.0,2,forward,60.0,3.0,1.0,FE-SO4-SYNTHETIC,Ag/AgCl,"Synthetic CV with Fe/HER, Ru=12.0 ohm, C_dl=40.0 uF"
32.7,-0.43507168288149356,-2.8318459114696975e-06,1.0,2,forward,60.0,3.0,1.0,FE-SO4-SYNTHETIC,Ag/AgCl,"Synthetic CV with Fe/HER, Ru=12.0 ohm, C_dl=40.0 uF"
32.8,-0.44007628323988696,-6.418170521475794e-06,1.0,2,forward,60.0,3.0,1.0,FE-SO4-SYNTHETIC,Ag/AgCl,"Synthetic CV with Fe/HER, Ru=12.0 ohm, C_dl=40.0 uF"
32.9,-0.4450813274325598,-1.126355790407113e-05,1.0,2,forward,60.0,3.0,1.0,FE-SO4-SYNTHETIC,Ag/AgCl,"Synthetic CV with Fe/HER, Ru=12.0 ohm, C_dl=40.0 uF"
33.0,-0.45008685827984257,-6.859167195913362e-06,1.0,2,forward,60.0,3.0,1.0,FE-SO4-SYNTHETIC,Ag/AgCl,"Synthetic CV with Fe/HER, Ru=12.0 ohm, C_dl=40.0 uF"
33.1,-0.45509292273329455,-1.1129369665432227e-05,1.0,2,forward,60.0,3.0,1.0,FE-SO4-SYNTHETIC,Ag/AgCl,"Synthetic CV with Fe/HER, Ru=12.0 ohm, C_dl=40.0 uF"
33.2,-0.460099572274276,-3.4220908559085184e-06,1.0,2,forward,60.0,3.0,1.0,FE-SO4-SYNTHETIC,Ag/AgCl,"Synthetic CV with Fe/HER, Ru=12.0 ohm, C_dl=40.0 uF"
33.3,-0.4651068633509766,-9.640566155556587e-06,1.0,2,forward,60.0,3.0,1.0,FE-SO4-SYNTHETIC,Ag/AgCl,"Synthetic CV with Fe/HER, Ru=12.0 ohm, C_dl=40.0 uF"
33.4,-0.47011485785760515,-1.3698974117724882e-05,1.0,2,forward,60.0,3.0,1.0,FE-SO4-SYNTHETIC,Ag/AgCl,"Synthetic CV with Fe/HER, Ru=12.0 ohm, C_dl=40.0 uF"
33.5,-0.47512362365981237,-1.1908900859292211e-05,1.0,2,forward,60.0,3.0,1.0,FE-SO4-SYNTHETIC,Ag/AgCl,"Synthetic CV with Fe/HER, Ru=12.0 ohm, C_dl=40.0 uF"
33.6,-0.48013323517080425,-9.038273628972091e-06,1.0,2,forward,60.0,3.0,1.0,FE-SO4-SYNTHETIC,Ag/AgCl,"Synthetic CV with Fe/HER, Ru=12.0 ohm, C_dl=40.0 uF"
33.7,-0.4851437739830388,-1.4799788017251934e-05,1.0,2,forward,60.0,3.0,1.0,FE-SO4-SYNTHETIC,Ag/AgCl,"Synthetic CV with Fe/HER, Ru=12.0 ohm, C_dl=40.0 uF"
33.8,-0.49015532956086727,-1.7055232050103083e-05,1.0,2,forward,60.0,3.0,1.0,FE-SO4-SYNTHETIC,Ag/AgCl,"Synthetic CV with Fe/HER, Ru=12.0 ohm, C_dl=40.0 uF"
33.9,-0.49516800000000005,-1.278156394254045e-05,1.0,2,forward,60.0,3.0,1.0,FE-SO4-SYNTHETIC,Ag/AgCl,"Synthetic CV with Fe/HER, Ru=12.0 ohm, C_dl=40.0 uF"
34.0,-0.5001818928602446,-1.3932905498174607e-05,1.0,2,forward,60.0,3.0,1.0,FE-SO4-SYNTHETIC,Ag/AgCl,"Synthetic CV with Fe/HER, Ru=12.0 ohm, C_dl=40.0 uF"
34.1,-0.505197126078585,-1.8961889092264635e-05,1.0,2,forward,60.0,3.0,1.0,FE-SO4-SYNTHETIC,Ag/AgCl,"Synthetic CV with Fe/HER, Ru=12.0 ohm, C_dl=40.0 uF"
34.2,-0.5102138289703522,-2.0174272390768504e-05,1.0,2,forward,60.0,3.0,1.0,FE-SO4-SYNTHETIC,Ag/AgCl,"Synthetic CV with Fe/HER, Ru=12.0 ohm, C_dl=40.0 uF"
34.3,-0.5152321433269875,-1.818502756216299e-05,1.0,2,forward,60.0,3.0,1.0,FE-SO4-SYNTHETIC,Ag/AgCl,"Synthetic CV with Fe/HER, Ru=12.0 ohm, C_dl=40.0 uF"
34.4,-0.5202522246197144,-2.825914001701999e-05,1.0,2,forward,60.0,3.0,1.0,FE-SO4-SYNTHETIC,Ag/AgCl,"Synthetic CV with Fe/HER, Ru=12.0 ohm, C_dl=40.0 uF"
34.5,-0.5252742433193399,-2.9890928816875293e-05,1.0,2,forward,60.0,3.0,1.0,FE-SO4-SYNTHETIC,Ag/AgCl,"Synthetic CV with Fe/HER, Ru=12.0 ohm, C_dl=40.0 uF"
34.6,-0.5302983863433868,-2.845774972182116e-05,1.0,2,forward,60.0,3.0,1.0,FE-SO4-SYNTHETIC,Ag/AgCl,"Synthetic CV with Fe/HER, Ru=12.0 ohm, C_dl=40.0 uF"
34.7,-0.535324858642843,-2.8138789328807723e-05,1.0,2,forward,60.0,3.0,1.0,FE-SO4-SYNTHETIC,Ag/AgCl,"Synthetic CV with Fe/HER, Ru=12.0 ohm, C_dl=40.0 uF"
34.8,-0.5403538849419985,-2.7935874005223276e-05,1.0,2,forward,60.0,3.0,1.0,FE-SO4-SYNTHETIC,Ag/AgCl,"Synthetic CV with Fe/HER, Ru=12.0 ohm, C_dl=40.0 uF"
34.9,-0.5453857116461375,-2.476585609336722e-05,1.0,2,forward,60.0,3.0,1.0,FE-SO4-SYNTHETIC,Ag/AgCl,"Synthetic CV with Fe/HER, Ru=12.0 ohm, C_dl=40.0 uF"
35.0,-0.5504206089332807,-3.076244632404793e-05,1.0,2,forward,60.0,3.0,1.0,FE-SO4-SYNTHETIC,Ag/AgCl,"Synthetic CV with Fe/HER, Ru=12.0 ohm, C_dl=40.0 uF"
35.1,-0.5554588730477379,-3.903911329464137e-05,1.0,2,forward,60.0,3.0,1.0,FE-SO4-SYNTHETIC,Ag/AgCl,"Synthetic CV with Fe/HER, Ru=12.0 ohm, C_dl=40.0 uF"
35.2,-0.560500828814935,-4.183081561742442e-05,1.0,2,forward,60.0,3.0,1.0,FE-SO4-SYNTHETIC,Ag/AgCl,"Synthetic CV with Fe/HER, Ru=12.0 ohm, C_dl=40.0 uF"
35.3,-0.565546832398869,-5.0582013395601256e-05,1.0,2,forward,60.0,3.0,1.0,FE-SO4-SYNTHETIC,Ag/AgCl,"Synthetic CV with Fe/HER, Ru=12.0 ohm, C_dl=40.0 uF"
35.4,-0.5705972743255971,-4.986542614638168e-05,1.0,2,forward,60.0,3.0,1.0,FE-SO4-SYNTHETIC,Ag/AgCl,"Synthetic CV with Fe/HER, Ru=12.0 ohm, C_dl=40.0 uF"
35.5,-0.5756525827984258,-5.5825193063420565e-05,1.0,2,forward,60.0,3.0,1.0,FE-SO4-SYNTHETIC,Ag/AgCl,"Synthetic CV with Fe/HER, Ru=12.0 ohm, C_dl=40.0 uF"
35.6,-0.5807132273329447,-5.782201827702623e-05,1.0,2,forward,60.0,3.0,1.0,FE-SO4-SYNTHETIC,Ag/AgCl,"Synthetic CV with Fe/HER, Ru=12.0 ohm, C_dl=40.0 uF"
35.7,-0.5857797227427597,-6.911304994773428e-05,1.0,2,forward,60.0,3.0,1.0,FE-SO4-SYNTHETIC,Ag/AgCl,"Synthetic CV with Fe/HER, Ru=12.0 ohm, C_dl=40.0 uF"
35.8,-0.5908526335097656,-6.845605990925306e-05,1.0,2,forward,60.0,3.0,1.0,FE-SO4-SYNTHETIC,Ag/AgCl,"Synthetic CV with Fe/HER, Ru=12.0 ohm, C_dl=40.0 uF"
35.9,-0.5959325785760514,-7.005118677261027e-05,1.0,2,forward,60.0,3.0,1.0,FE-SO4-SYNTHETIC,Ag/AgCl,"Synthetic CV with Fe/HER, Ru=12.0 ohm, C_dl=40.0 uF"
36.0,-0.6010202365981233,-8.55635172525568e-05,1.0,2,forward,60.0,3.0,1.0,FE-SO4-SYNTHETIC,Ag/AgCl,"Synthetic CV with Fe/HER, Ru=12.0 ohm, C_dl=40.0 uF"
36.1,-0.606116351708042,-9.102075039300731e-05,1.0,2,forward,60.0,3.0,1.0,FE-SO4-SYNTHETIC,Ag/AgCl,"Synthetic CV with Fe/HER, Ru=12.0 ohm, C_dl=40.0 uF"
36.2,-0.611221739830388,-9.836093257376513e-05,1.0,2,forward,60.0,3.0,1.0,FE-SO4-SYNTHETIC,Ag/AgCl,"Synthetic CV with Fe/HER, Ru=12.0 ohm, C_dl=40.0 uF"
36.3,-0.6163372956086725,-0.00011344740308213833,1.0,2,forward,60.0,3.0,1.0,FE-SO4-SYNTHETIC,Ag/AgCl,"Synthetic CV with Fe/HER, Ru=12.0 ohm, C_dl=40.0 uF"
36.4,-0.6214640000000001,-0.00012087953759094815,1.0,2,forward,60.0,3.0,1.0,FE-SO4-SYNTHETIC,Ag/AgCl,"Synthetic CV with Fe/HER, Ru=12.0 ohm, C_dl=40.0 uF"
36.5,-0.6266029286024462,-0.00013351442153327324,1.0,2,forward,60.0,3.0,1.0,FE-SO4-SYNTHETIC,Ag/AgCl,"Synthetic CV with Fe/HER, Ru=12.0 ohm, C_dl=40.0 uF"
36.6,-0.6319710450016333,-0.0001637653696433634,1.0,2,forward,60.0,3.0,1.0,FE-SO4-SYNTHETIC,Ag/AgCl,"Synthetic CV with Fe/HER, Ru=12.0 ohm, C_dl=40.0 uF"
36.7,-0.6371705629310385,-0.00018474529317248487,1.0,2,forward,60.0,3.0,1.0,FE-SO4-SYNTHETIC,Ag/AgCl,"Synthetic CV with Fe/HER, Ru=12.0 ohm, C_dl=40.0 uF"
36.8,-0.6423910806607057,-0.00019913417085416923,1.0,2,forward,60.0,3.0,1.0,FE-SO4-SYNTHETIC,Ag/AgCl,"Synthetic CV with Fe/HER, Ru=12.0 ohm, C_dl=40.0 uF"
36.9,-0.6476348853541587,-0.00021708378805700005,1.0,2,forward,60.0,3.0,1.0,FE-SO4-SYNTHETIC,Ag/AgCl,"Synthetic CV with Fe/HER, Ru=12.0 ohm, C_dl=40.0 uF"
37.0,-0.6529045233122789,-0.00023478789131759525,1.0,2,forward,60.0,3.0,1.0,FE-SO4-SYNTHETIC,Ag/AgCl,"Synthetic CV with Fe/HER, Ru=12.0 ohm, C_dl=40.0 uF"
37.1,-0.6582028304883201,-0.00026210618656291357,1.0,2,forward,60.0,3.0,1.0,FE-SO4-SYNTHETIC,Ag/AgCl,"Synthetic CV with Fe/HER, Ru=12.0 ohm, C_dl=40.0 uF"
37.2,-0.6635329666864256,-0.000283647978247895,1.0,2,forward,60.0,3.0,1.0,FE-SO4-SYNTHETIC,Ag/AgCl,"Synthetic CV with Fe/HER, Ru=12.0 ohm, C_dl=40.0 uF"
37.3,-0.6688984538812666,-0.00032870789458664784,1.0,2,forward,60.0,3.0,1.0,FE-SO4-SYNTHETIC,Ag/AgCl,"Synthetic CV with Fe/HER, Ru=12.0 ohm, C_dl=40.0 uF"
37.4,-0.6743032191418423,-0.0003542399919699212,1.0,2,forward,60.0,3.0,1.0,FE-SO4-SYNTHETIC,Ag/AgCl,"Synthetic CV with Fe/HER, Ru=12.0 ohm, C_dl=40.0 uF"
37.5,-0.6797516426898932,-0.0003950535141290735,1.0,2,forward,60.0,3.0,1.0,FE-SO4-SYNTHETIC,Ag/AgCl,"Synthetic CV with Fe/HER, Ru=12.0 ohm, C_dl=40.0 uF"
37.6,-0.6852486116718005,-0.00042643529131727745,1.0,2,forward,60.0,3.0,1.0,FE-SO4-SYNTHETIC,Ag/AgCl,"Synthetic CV with Fe/HER, Ru=12.0 ohm, C_dl=40.0 uF"
37.7,-0.6907995802707098,-0.00048733984731924964,1.0,2,forward,60.0,3.0,1.0,FE-SO4-SYNTHETIC,Ag/AgCl,"Synthetic CV with Fe/HER, Ru=12.0 ohm, C_dl=40.0 uF"
37.8,-0.6964106368307009,-0.0005384183451026387,1.0,2,forward,60.0,3.0,1.0,FE-SO4-SYNTHETIC,Ag/AgCl,"Synthetic CV with Fe/HER, Ru=12.0 ohm, C_dl=40.0 uF"
37.9,-0.702088578703964,-0.0005937118552242175,1.0,2,forward,60.0,3.0,1.0,FE-SO4-SYNTHETIC,Ag/AgCl,"Synthetic CV with Fe/HER, Ru=12.0 ohm, C_dl=40.0 uF"
38.0,-0.7078409955607883,-0.0006640357753539098,1.0,2,forward,60.0,3.0,1.0,FE-SO4-SYNTHETIC,Ag/AgCl,"Synthetic CV with Fe/HER, Ru=12.0 ohm, C_dl=40.0 uF"
38.1,-0.7136763619148216,-0.0007256589346768722,1.0,2,forward,60.0,3.0,1.0,FE-SO4-SYNTHETIC,Ag/AgCl,"Synthetic CV with Fe/HER, Ru=12.0 ohm, C_dl=40.0 uF"
38.2,-0.7196041396046884,-0.0008041406303651144,1.0,2,forward,60.0,3.0,1.0,FE-SO4-SYNTHETIC,Ag/AgCl,"Synthetic CV with Fe/HER, Ru=12.0 ohm, C_dl=40.0 uF"
38.3,-0.7256348909273962,-0.0008854889416839649,1.0,2,forward,60.0,3.0,1.0,FE-SO4-SYNTHETIC,Ag/AgCl,"Synthetic CV with Fe/HER, Ru=12.0 ohm, C_dl=40.0 uF"
38.4,-0.7317804030257974,-0.0009799914722708968,1.0,2,forward,60.0,3.0,1.0,FE-SO4-SYNTHETIC,Ag/AgCl,"Synthetic CV with Fe/HER, Ru=12.0 ohm, C_dl=40.0 uF"
38.5,-0.7380538239749266,-0.00107843781038113,1.0,2,forward,60.0,3.0,1.0,FE-SO4-SYNTHETIC,Ag/AgCl,"Synthetic CV with Fe/HER, Ru=12.0 ohm, C_dl=40.0 uF"
38.6,-0.7444698107694891,-0.0012010654449331477,1.0,2,forward,60.0,3.0,1.0,FE-SO4-SYNTHETIC,Ag/AgCl,"Synthetic CV with Fe/HER, Ru=12.0 ohm, C_dl=40.0 uF"
38.7,-0.7510446890616824,-0.0013399419400851765,1.0,2,forward,60.0,3.0,1.0,FE-SO4-SYNTHETIC,Ag/AgCl,"Synthetic CV with Fe/HER, Ru=12.0 ohm, C_dl=40.0 uF"
38.8,-0.7577966240047769,-0.001487544073754811,1.0,2,forward,60.0,3.0,1.0,FE-SO4-SYNTHETIC,Ag/AgCl,"Synthetic CV with Fe/HER, Ru=12.0 ohm, C_dl=40.0 uF"
38.9,-0.7647458008888288,-0.0016430238115448608,1.0,2,forward,60.0,3.0,1.0,FE-SO4-SYNTHETIC,Ag/AgCl,"Synthetic CV with Fe/HER, Ru=12.0 ohm, C_dl=40.0 uF"
39.0,-0.7719146133725927,-0.001832818947084495,1.0,2,forward,60.0,3.0,1.0,FE-SO4-SYNTHETIC,Ag/AgCl,"Synthetic CV with Fe/HER, Ru=12.0 ohm, C_dl=40.0 uF"
39.1,-0.7793278559811909,-0.0020181640379366285,1.0,2,forward,60.0,3.0,1.0,FE-SO4-SYNTHETIC,Ag/AgCl,"Synthetic CV with Fe/HER, Ru=12.0 ohm, C_dl=40.0 uF"
39.2,-0.787012916116844,-0.0022451791424667215,1.0,2,forward,60.0,3.0,1.0,FE-SO4-SYNTHETIC,Ag/AgCl,"Synthetic CV with Fe/HER, Ru=12.0 ohm, C_dl=40.0 uF"
39.3,-0.79499995909487,-0.0025023424694996742,1.0,2,forward,60.0,3.0,1.0,FE-SO4-SYNTHETIC,Ag/AgCl,"Synthetic CV with Fe/HER, Ru=12.0 ohm, C_dl=40.0 uF"
39.4,-0.8033220976652244,-0.0027854071447474932,1.0,2,forward,60.0,3.0,1.0,FE-SO4-SYNTHETIC,Ag/AgCl,"Synthetic CV with Fe/HER, Ru=12.0 ohm, C_dl=40.0 uF"
39.5,-0.8120155351435973,-0.0030778585667622627,1.0,2,forward,60.0,3.0,1.0,FE-SO4-SYNTHETIC,Ag/AgCl,"Synthetic CV with Fe/HER, Ru=12.0 ohm, C_dl=40.0 uF"
39.6,-0.8211196687447784,-0.003427211761291124,1.0,2,forward,60.0,3.0,1.0,FE-SO4-SYNTHETIC,Ag/AgCl,"Synthetic CV with Fe/HER, Ru=12.0 ohm, C_dl=40.0 uF"
39.7,-0.8306771371565986,-0.0038002390148233426,1.0,2,forward,60.0,3.0,1.0,FE-SO4-SYNTHETIC,Ag/AgCl,"Synthetic CV with Fe/HER, Ru=12.0 ohm, C_dl=40.0 uF"
39.8,-0.8407337940987756,-0.00423578831319193,1.0,2,forward,60.0,3.0,1.0,FE-SO4-SYNTHETIC,Ag/AgCl,"Synthetic CV with Fe/HER, Ru=12.0 ohm, C_dl=40.0 uF"
39.9,-0.8513385880020874,-0.00469787920862204,1.0,2,forward,60.0,3.0,1.0,FE-SO4-SYNTHETIC,Ag/AgCl,"Synthetic CV with Fe/HER, Ru=12.0 ohm, C_dl=40.0 uF"
40.0,-0.8625433276062409,-0.005211917748688141,1.0,2,forward,60.0,3.0,1.0,FE-SO4-SYNTHETIC,Ag/AgCl,"Synthetic CV with Fe/HER, Ru=12.0 ohm, C_dl=40.0 uF"
40.1,-0.8744023149609041,-0.00578329134377318,1.0,2,forward,60.0,3.0,1.0,FE-SO4-SYNTHETIC,Ag/AgCl,"Synthetic CV with Fe/HER, Ru=12.0 ohm, C_dl=40.0 uF"
40.2,-0.886971831904483,-0.006416569652730978,1.0,2,forward,60.0,3.0,1.0,FE-SO4-SYNTHETIC,Ag/AgCl,"Synthetic CV with Fe/HER, Ru=12.0 ohm, C_dl=40.0 uF"
40.3,-0.9003094745085082,-0.007106008626047262,1.0,2,forward,60.0,3.0,1.0,FE-SO4-SYNTHETIC,Ag/AgCl,"Synthetic CV with Fe/HER, Ru=12.0 ohm, C_dl=40.0 uF"
40.4,-0.9144733430007315,-0.0078781166855412,1.0,2,forward,60.0,3.0,1.0,FE-SO4-SYNTHETIC,Ag/AgCl,"Synthetic CV with Fe/HER, Ru=12.0 ohm, C_dl=40.0 uF"
40.5,-0.9295211127202688,-0.008710804624114178,1.0,2,forward,60.0,3.0,1.0,FE-SO4-SYNTHETIC,Ag/AgCl,"Synthetic CV with Fe/HER, Ru=12.0 ohm, C_dl=40.0 uF"
40.6,-0.945509034399279,-0.00962515138844802,1.0,2,forward,60.0,3.0,1.0,FE-SO4-SYNTHETIC,Ag/AgCl,"Synthetic CV with Fe/HER, Ru=12.0 ohm, C_dl=40.0 uF"
40.7,-0.9624909381200091,-0.010621672649163775,1.0,2,forward,60.0,3.0,1.0,FE-SO4-SYNTHETIC,Ag/AgCl,"Synthetic CV with Fe/HER, Ru=12.0 ohm, C_dl=40.0 uF"
40.8,-0.9805173419180826,-0.011706220418783102,1.0,2,forward,60.0,3.0,1.0,FE-SO4-SYNTHETIC,Ag/AgCl,"Synthetic CV with Fe/HER, Ru=12.0 ohm, C_dl=40.0 uF"
40.9,-0.9996347890250816,-0.012891855629215996,1.0,2,forward,60.0,3.0,1.0,FE-SO4-SYNTHETIC,Ag/AgCl,"Synthetic CV with Fe/HER, Ru=12.0 ohm, C_dl=40.0 uF"
41.0,-1.019885551894536,-0.01416479989539834,1.0,2,forward,60.0,3.0,1.0,FE-SO4-SYNTHETIC,Ag/AgCl,"Synthetic CV with Fe/HER, Ru=12.0 ohm, C_dl=40.0 uF"
41.1,-1.0413078408824115,-0.01551926502275812,1.0,2,forward,60.0,3.0,1.0,FE-SO4-SYNTHETIC,Ag/AgCl,"Synthetic CV with Fe/HER, Ru=12.0 ohm, C_dl=40.0 uF"
41.2,-1.0639366362348572,-0.016993058116178187,1.0,2,forward,60.0,3.0,1.0,FE-SO4-SYNTHETIC,Ag/AgCl,"Synthetic CV with Fe/HER, Ru=12.0 ohm, C_dl=40.0 uF"
41.3,-1.0878052219660599,-0.018570844263187773,1.0,2,forward,60.0,3.0,1.0,FE-SO4-SYNTHETIC,Ag/AgCl,"Synthetic CV with Fe/HER, Ru=12.0 ohm, C_dl=40.0 uF"
41.4,-1.1129474413981115,-0.020237864356631663,1.0,2,forward,60.0,3.0,1.0,FE-SO4-SYNTHETIC,Ag/AgCl,"Synthetic CV with Fe/HER, Ru=12.0 ohm, C_dl=40.0 uF"
41.5,-1.1394006233485072,-0.0220328069058708,1.0,2,forward,60.0,3.0,1.0,FE-SO4-SYNTHETIC,Ag/AgCl,"Synthetic CV with Fe/HER, Ru=12.0 ohm, C_dl=40.0 uF"
41.6,-1.1672090559886579,-0.023928191513134498,1.0,2,forward,60.0,3.0,1.0,FE-SO4-SYNTHETIC,Ag/AgCl,"Synthetic CV with Fe/HER, Ru=12.0 ohm, C_dl=40.0 uF"
41.7,-1.196427825070816,-0.025951981163494283,1.0,2,forward,60.0,3.0,1.0,FE-SO4-SYNTHETIC,Ag/AgCl,"Synthetic CV with Fe/HER, Ru=12.0 ohm, C_dl=40.0 uF"
41.8,-1.2271267963360095,-0.028083595955043034,1.0,2,forward,60.0,3.0,1.0,FE-SO4-SYNTHETIC,Ag/AgCl,"Synthetic CV with Fe/HER, Ru=12.0 ohm, C_dl=40.0 uF"
41.9,-1.2593945161421116,-0.03035743297429709,1.0,2,forward,60.0,3.0,1.0,FE-SO4-SYNTHETIC,Ag/AgCl,"Synthetic CV with Fe/HER, Ru=12.0 ohm, C_dl=40.0 uF"
42.0,-1.2933418310664189,-0.032779730742943956,1.0,2,forward,60.0,3.0,1.0,FE-SO4-SYNTHETIC,Ag/AgCl,"Synthetic CV with Fe/HER, Ru=12.0 ohm, C_dl=40.0 uF"
42.0,-1.2932938310664182,-0.03276962806744674,1.0,2,reverse,60.0,3.0,1.0,FE-SO4-SYNTHETIC,Ag/AgCl,"Synthetic CV with Fe/HER, Ru=12.0 ohm, C_dl=40.0 uF"
42.1,-1.2593465161421118,-0.030358982798761383,1.0,2,reverse,60.0,3.0,1.0,FE-SO4-SYNTHETIC,Ag/AgCl,"Synthetic CV with Fe/HER, Ru=12.0 ohm, C_dl=40.0 uF"
42.2,-1.2270787963360088,-0.028083056536879737,1.0,2,reverse,60.0,3.0,1.0,FE-SO4-SYNTHETIC,Ag/AgCl,"Synthetic CV with Fe/HER, Ru=12.0 ohm, C_dl=40.0 uF"
42.3,-1.196379825070816,-0.025953143373204236,1.0,2,reverse,60.0,3.0,1.0,FE-SO4-SYNTHETIC,Ag/AgCl,"Synthetic CV with Fe/HER, Ru=12.0 ohm, C_dl=40.0 uF"
42.4,-1.1671610559886574,-0.023926657741754783,1.0,2,reverse,60.0,3.0,1.0,FE-SO4-SYNTHETIC,Ag/AgCl,"Synthetic CV with Fe/HER, Ru=12.0 ohm, C_dl=40.0 uF"
42.5,-1.1393526233485072,-0.02202409315660802,1.0,2,reverse,60.0,3.0,1.0,FE-SO4-SYNTHETIC,Ag/AgCl,"Synthetic CV with Fe/HER, Ru=12.0 ohm, C_dl=40.0 uF"
42.6,-1.112899441398111,-0.02025041381394136,1.0,2,reverse,60.0,3.0,1.0,FE-SO4-SYNTHETIC,Ag/AgCl,"Synthetic CV with Fe/HER, Ru=12.0 ohm, C_dl=40.0 uF"
42.7,-1.0877572219660598,-0.018569018123068323,1.0,2,reverse,60.0,3.0,1.0,FE-SO4-SYNTHETIC,Ag/AgCl,"Synthetic CV with Fe/HER, Ru=12.0 ohm, C_dl=40.0 uF"
42.8,-1.0638886362348567,-0.017000915847126853,1.0,2,reverse,60.0,3.0,1.0,FE-SO4-SYNTHETIC,Ag/AgCl,"Synthetic CV with Fe/HER, Ru=12.0 ohm, C_dl=40.0 uF"
42.9,-1.0412598408824105,-0.015523000441039773,1.0,2,reverse,60.0,3.0,1.0,FE-SO4-SYNTHETIC,Ag/AgCl,"Synthetic CV with Fe/HER, Ru=12.0 ohm, C_dl=40.0 uF"
43.0,-1.0198375518945355,-0.01414954161326565,1.0,2,reverse,60.0,3.0,1.0,FE-SO4-SYNTHETIC,Ag/AgCl,"Synthetic CV with Fe/HER, Ru=12.0 ohm, C_dl=40.0 uF"
43.1,-0.9995867890250816,-0.012874720633496326,1.0,2,reverse,60.0,3.0,1.0,FE-SO4-SYNTHETIC,Ag/AgCl,"Synthetic CV with Fe/HER, Ru=12.0 ohm, C_dl=40.0 uF"
43.2,-0.9804693419180822,-0.011705408019271422,1.0,2,reverse,60.0,3.0,1.0,FE-SO4-SYNTHETIC,Ag/AgCl,"Synthetic CV with Fe/HER, Ru=12.0 ohm, C_dl=40.0 uF"
43.3,-0.9624429381200083,-0.010612101765606168,1.0,2,reverse,60.0,3.0,1.0,FE-SO4-SYNTHETIC,Ag/AgCl,"Synthetic CV with Fe/HER, Ru=12.0 ohm, C_dl=40.0 uF"
43.4,-0.945461034399279,-0.009628653373897653,1.0,2,reverse,60.0,3.0,1.0,FE-SO4-SYNTHETIC,Ag/AgCl,"Synthetic CV with Fe/HER, Ru=12.0 ohm, C_dl=40.0 uF"
43.5,-0.9294731127202688,-0.008714609638885847,1.0,2,reverse,60.0,3.0,1.0,FE-SO4-SYNTHETIC,Ag/AgCl,"Synthetic CV with Fe/HER, Ru=12.0 ohm, C_dl=40.0 uF"
43.6,-0.9144253430007315,-0.007869056321888768,1.0,2,reverse,60.0,3.0,1.0,FE-SO4-SYNTHETIC,Ag/AgCl,"Synthetic CV with Fe/HER, Ru=12.0 ohm, C_dl=40.0 uF"
43.7,-0.9002614745085076,-0.007103202548464271,1.0,2,reverse,60.0,3.0,1.0,FE-SO4-SYNTHETIC,Ag/AgCl,"Synthetic CV with Fe/HER, Ru=12.0 ohm, C_dl=40.0 uF"
43.8,-0.886923831904483,-0.006410482799114052,1.0,2,reverse,60.0,3.0,1.0,FE-SO4-SYNTHETIC,Ag/AgCl,"Synthetic CV with Fe/HER, Ru=12.0 ohm, C_dl=40.0 uF"
43.9,-0.8743543149609039,-0.0057898634572421896,1.0,2,reverse,60.0,3.0,1.0,FE-SO4-SYNTHETIC,Ag/AgCl,"Synthetic CV with Fe/HER, Ru=12.0 ohm, C_dl=40.0 uF"
44.0,-0.8624953276062408,-0.005208389567384296,1.0,2,reverse,60.0,3.0,1.0,FE-SO4-SYNTHETIC,Ag/AgCl,"Synthetic CV with Fe/HER, Ru=12.0 ohm, C_dl=40.0 uF"
44.1,-0.8512905880020871,-0.004697404681009784,1.0,2,reverse,60.0,3.0,1.0,FE-SO4-SYNTHETIC,Ag/AgCl,"Synthetic CV with Fe/HER, Ru=12.0 ohm, C_dl=40.0 uF"
44.2,-0.8406857940987755,-0.004220467812153807,1.0,2,reverse,60.0,3.0,1.0,FE-SO4-SYNTHETIC,Ag/AgCl,"Synthetic CV with Fe/HER, Ru=12.0 ohm, C_dl=40.0 uF"
44.3,-0.8306291371565985,-0.0038005951051527168,1.0,2,reverse,60.0,3.0,1.0,FE-SO4-SYNTHETIC,Ag/AgCl,"Synthetic CV with Fe/HER, Ru=12.0 ohm, C_dl=40.0 uF"
44.4,-0.8210716687447783,-0.003427338460996498,1.0,2,reverse,60.0,3.0,1.0,FE-SO4-SYNTHETIC,Ag/AgCl,"Synthetic CV with Fe/HER, Ru=12.0 ohm, C_dl=40.0 uF"
44.5,-0.811967535143597,-0.003083197263219766,1.0,2,reverse,60.0,3.0,1.0,FE-SO4-SYNTHETIC,Ag/AgCl,"Synthetic CV with Fe/HER, Ru=12.0 ohm, C_dl=40.0 uF"
44.6,-0.8032740976652245,-0.002778137539711484,1.0,2,reverse,60.0,3.0,1.0,FE-SO4-SYNTHETIC,Ag/AgCl,"Synthetic CV with Fe/HER, Ru=12.0 ohm, C_dl=40.0 uF"
44.7,-0.7949519590948697,-0.0024963099867255107,1.0,2,reverse,60.0,3.0,1.0,FE-SO4-SYNTHETIC,Ag/AgCl,"Synthetic CV with Fe/HER, Ru=12.0 ohm, C_dl=40.0 uF"
44.8,-0.7869649161168439,-0.002242300631467822,1.0,2,reverse,60.0,3.0,1.0,FE-SO4-SYNTHETIC,Ag/AgCl,"Synthetic CV with Fe/HER, Ru=12.0 ohm, C_dl=40.0 uF"
44.9,-0.7792798559811908,-0.0020282499619975734,1.0,2,reverse,60.0,3.0,1.0,FE-SO4-SYNTHETIC,Ag/AgCl,"Synthetic CV with Fe/HER, Ru=12.0 ohm, C_dl=40.0 uF"
45.0,-0.7718666133725927,-0.0018196975484718026,1.0,2,reverse,60.0,3.0,1.0,FE-SO4-SYNTHETIC,Ag/AgCl,"Synthetic CV with Fe/HER, Ru=12.0 ohm, C_dl=40.0 uF"
45.1,-0.7646978008888287,-0.0016441346954942516,1.0,2,reverse,60.0,3.0,1.0,FE-SO4-SYNTHETIC,Ag/AgCl,"Synthetic CV with Fe/HER, Ru=12.0 ohm, C_dl=40.0 uF"
45.2,-0.7577486240047768,-0.001483016364559381,1.0,2,reverse,60.0,3.0,1.0,FE-SO4-SYNTHETIC,Ag/AgCl,"Synthetic CV with Fe/HER, Ru=12.0 ohm, C_dl=40.0 uF"
45.3,-0.7509966890616823,-0.0013335925736066335,1.0,2,reverse,60.0,3.0,1.0,FE-SO4-SYNTHETIC,Ag/AgCl,"Synthetic CV with Fe/HER, Ru=12.0 ohm, C_dl=40.0 uF"
45.4,-0.7444218107694889,-0.0012069937757361693,1.0,2,reverse,60.0,3.0,1.0,FE-SO4-SYNTHETIC,Ag/AgCl,"Synthetic CV with Fe/HER, Ru=12.0 ohm, C_dl=40.0 uF"
45.5,-0.7380058239749264,-0.0010865869111039428,1.0,2,reverse,60.0,3.0,1.0,FE-SO4-SYNTHETIC,Ag/AgCl,"Synthetic CV with Fe/HER, Ru=12.0 ohm, C_dl=40.0 uF"
45.6,-0.7317324030257973,-0.0009836896416127268,1.0,2,reverse,60.0,3.0,1.0,FE-SO4-SYNTHETIC,Ag/AgCl,"Synthetic CV with Fe/HER, Ru=12.0 ohm, C_dl=40.0 uF"
45.7,-0.7255868909273961,-0.000872417284951762,1.0,2,reverse,60.0,3.0,1.0,FE-SO4-SYNTHETIC,Ag/AgCl,"Synthetic CV with Fe/HER, Ru=12.0 ohm, C_dl=40.0 uF"
45.8,-0.7195561396046881,-0.0007961686492974835,1.0,2,reverse,60.0,3.0,1.0,FE-SO4-SYNTHETIC,Ag/AgCl,"Synthetic CV with Fe/HER, Ru=12.0 ohm, C_dl=40.0 uF"
45.9,-0.7136283619148216,-0.0007225287871084294,1.0,2,reverse,60.0,3.0,1.0,FE-SO4-SYNTHETIC,Ag/AgCl,"Synthetic CV with Fe/HER, Ru=12.0 ohm, C_dl=40.0 uF"
46.0,-0.7077929955607882,-0.0006483463971786895,1.0,2,reverse,60.0,3.0,1.0,FE-SO4-SYNTHETIC,Ag/AgCl,"Synthetic CV with Fe/HER, Ru=12.0 ohm, C_dl=40.0 uF"
46.1,-0.7020405787039639,-0.0005872765322454502,1.0,2,reverse,60.0,3.0,1.0,FE-SO4-SYNTHETIC,Ag/AgCl,"Synthetic CV with Fe/HER, Ru=12.0 ohm, C_dl=40.0 uF"
46.2,-0.6963626368307008,-0.0005313245838893996,1.0,2,reverse,60.0,3.0,1.0,FE-SO4-SYNTHETIC,Ag/AgCl,"Synthetic CV with Fe/HER, Ru=12.0 ohm, C_dl=40.0 uF"
46.3,-0.6907515802707097,-0.00047622752239225675,1.0,2,reverse,60.0,3.0,1.0,FE-SO4-SYNTHETIC,Ag/AgCl,"Synthetic CV with Fe/HER, Ru=12.0 ohm, C_dl=40.0 uF"
46.4,-0.6852006116718004,-0.0004295967674331273,1.0,2,reverse,60.0,3.0,1.0,FE-SO4-SYNTHETIC,Ag/AgCl,"Synthetic CV with Fe/HER, Ru=12.0 ohm, C_dl=40.0 uF"
46.5,-0.6797036426898933,-0.0003946227298958179,1.0,2,reverse,60.0,3.0,1.0,FE-SO4-SYNTHETIC,Ag/AgCl,"Synthetic CV with Fe/HER, Ru=12.0 ohm, C_dl=40.0 uF"
46.6,-0.6742552191418422,-0.0003574806863567473,1.0,2,reverse,60.0,3.0,1.0,FE-SO4-SYNTHETIC,Ag/AgCl,"Synthetic CV with Fe/HER, Ru=12.0 ohm, C_dl=40.0 uF"
46.7,-0.6688504538812665,-0.0003222464152579658,1.0,2,reverse,60.0,3.0,1.0,FE-SO4-SYNTHETIC,Ag/AgCl,"Synthetic CV with Fe/HER, Ru=12.0 ohm, C_dl=40.0 uF"
46.8,-0.6634849666864253,-0.0003019234963591294,1.0,2,reverse,60.0,3.0,1.0,FE-SO4-SYNTHETIC,Ag/AgCl,"Synthetic CV with Fe/HER, Ru=12.0 ohm, C_dl=40.0 uF"
46.9,-0.6581548304883201,-0.0002704784960043324,1.0,2,reverse,60.0,3.0,1.0,FE-SO4-SYNTHETIC,Ag/AgCl,"Synthetic CV with Fe/HER, Ru=12.0 ohm, C_dl=40.0 uF"
47.0,-0.6528565233122788,-0.00023120923801934784,1.0,2,reverse,60.0,3.0,1.0,FE-SO4-SYNTHETIC,Ag/AgCl,"Synthetic CV with Fe/HER, Ru=12.0 ohm, C_dl=40.0 uF"
47.1,-0.6475868853541588,-0.00020734894094572088,1.0,2,reverse,60.0,3.0,1.0,FE-SO4-SYNTHETIC,Ag/AgCl,"Synthetic CV with Fe/HER, Ru=12.0 ohm, C_dl=40.0 uF"
47.2,-0.6423430806607056,-0.0001965019019232454,1.0,2,reverse,60.0,3.0,1.0,FE-SO4-SYNTHETIC,Ag/AgCl,"Synthetic CV with Fe/HER, Ru=12.0 ohm, C_dl=40.0 uF"
47.3,-0.6371225629310385,-0.00017399745943792874,1.0,2,reverse,60.0,3.0,1.0,FE-SO4-SYNTHETIC,Ag/AgCl,"Synthetic CV with Fe/HER, Ru=12.0 ohm, C_dl=40.0 uF"
47.4,-0.6319230450016333,-0.00015869749936338987,1.0,2,reverse,60.0,3.0,1.0,FE-SO4-SYNTHETIC,Ag/AgCl,"Synthetic CV with Fe/HER, Ru=12.0 ohm, C_dl=40.0 uF"
47.5,-0.6265549286024462,-0.00011418297949490601,1.0,2,reverse,60.0,3.0,1.0,FE-SO4-SYNTHETIC,Ag/AgCl,"Synthetic CV with Fe/HER, Ru=12.0 ohm, C_dl=40.0 uF"
47.6,-0.621416,-0.0001124021254428271,1.0,2,reverse,60.0,3.0,1.0,FE-SO4-SYNTHETIC,Ag/AgCl,"Synthetic CV with Fe/HER, Ru=12.0 ohm, C_dl=40.0 uF"
47.7,-0.6162892956086725,-0.000108080888680113,1.0,2,reverse,60.0,3.0,1.0,FE-SO4-SYNTHETIC,Ag/AgCl,"Synthetic CV with Fe/HER, Ru=12.0 ohm, C_dl=40.0 uF"
47.8,-0.6111737398303878,-0.00010258935473532262,1.0,2,reverse,60.0,3.0,1.0,FE-SO4-SYNTHETIC,Ag/AgCl,"Synthetic CV with Fe/HER, Ru=12.0 ohm, C_dl=40.0 uF"
47.9,-0.606068351708042,-9.70615406047899e-05,1.0,2,reverse,60.0,3.0,1.0,FE-SO4-SYNTHETIC,Ag/AgCl,"Synthetic CV with Fe/HER, Ru=12.0 ohm, C_dl=40.0 uF"
48.0,-0.6009722365981233,-8.000239833093624e-05,1.0,2,reverse,60.0,3.0,1.0,FE-SO4-SYNTHETIC,Ag/AgCl,"Synthetic CV with Fe/HER, Ru=12.0 ohm, C_dl=40.0 uF"
48.1,-0.5958845785760515,-7.749663506404469e-05,1.0,2,reverse,60.0,3.0,1.0,FE-SO4-SYNTHETIC,Ag/AgCl,"Synthetic CV with Fe/HER, Ru=12.0 ohm, C_dl=40.0 uF"
48.2,-0.5908046335097654,-7.416406102844718e-05,1.0,2,reverse,60.0,3.0,1.0,FE-SO4-SYNTHETIC,Ag/AgCl,"Synthetic CV with Fe/HER, Ru=12.0 ohm, C_dl=40.0 uF"
48.3,-0.5857317227427596,-6.420975965118531e-05,1.0,2,reverse,60.0,3.0,1.0,FE-SO4-SYNTHETIC,Ag/AgCl,"Synthetic CV with Fe/HER, Ru=12.0 ohm, C_dl=40.0 uF"
48.4,-0.5806652273329446,-6.084335109678854e-05,1.0,2,reverse,60.0,3.0,1.0,FE-SO4-SYNTHETIC,Ag/AgCl,"Synthetic CV with Fe/HER, Ru=12.0 ohm, C_dl=40.0 uF"
48.5,-0.5756045827984257,-4.194619169345705e-05,1.0,2,reverse,60.0,3.0,1.0,FE-SO4-SYNTHETIC,Ag/AgCl,"Synthetic CV with Fe/HER, Ru=12.0 ohm, C_dl=40.0 uF"
48.6,-0.570549274325597,-4.136466168167238e-05,1.0,2,reverse,60.0,3.0,1.0,FE-SO4-SYNTHETIC,Ag/AgCl,"Synthetic CV with Fe/HER, Ru=12.0 ohm, C_dl=40.0 uF"
48.7,-0.5654988323988689,-4.16092297789952e-05,1.0,2,reverse,60.0,3.0,1.0,FE-SO4-SYNTHETIC,Ag/AgCl,"Synthetic CV with Fe/HER, Ru=12.0 ohm, C_dl=40.0 uF"
48.8,-0.5604528288149349,-3.0336013883460756e-05,1.0,2,reverse,60.0,3.0,1.0,FE-SO4-SYNTHETIC,Ag/AgCl,"Synthetic CV with Fe/HER, Ru=12.0 ohm, C_dl=40.0 uF"
48.9,-0.5554108730477378,-3.3852579106586056e-05,1.0,2,reverse,60.0,3.0,1.0,FE-SO4-SYNTHETIC,Ag/AgCl,"Synthetic CV with Fe/HER, Ru=12.0 ohm, C_dl=40.0 uF"
49.0,-0.5503726089332808,-3.5357165446699344e-05,1.0,2,reverse,60.0,3.0,1.0,FE-SO4-SYNTHETIC,Ag/AgCl,"Synthetic CV with Fe/HER, Ru=12.0 ohm, C_dl=40.0 uF"
49.1,-0.5453377116461373,-2.0527016791766635e-05,1.0,2,reverse,60.0,3.0,1.0,FE-SO4-SYNTHETIC,Ag/AgCl,"Synthetic CV with Fe/HER, Ru=12.0 ohm, C_dl=40.0 uF"
49.2,-0.5403058849419986,-2.279586161479e-05,1.0,2,reverse,60.0,3.0,1.0,FE-SO4-SYNTHETIC,Ag/AgCl,"Synthetic CV with Fe/HER, Ru=12.0 ohm, C_dl=40.0 uF"
49.3,-0.5352768586428429,-2.8257784341880717e-05,1.0,2,reverse,60.0,3.0,1.0,FE-SO4-SYNTHETIC,Ag/AgCl,"Synthetic CV with Fe/HER, Ru=12.0 ohm, C_dl=40.0 uF"
49.4,-0.5302503863433867,-2.181722200597702e-05,1.0,2,reverse,60.0,3.0,1.0,FE-SO4-SYNTHETIC,Ag/AgCl,"Synthetic CV with Fe/HER, Ru=12.0 ohm, C_dl=40.0 uF"
49.5,-0.52522624331934,-2.32317012119163e-05,1.0,2,reverse,60.0,3.0,1.0,FE-SO4-SYNTHETIC,Ag/AgCl,"Synthetic CV with Fe/HER, Ru=12.0 ohm, C_dl=40.0 uF"
49.6,-0.5202042246197144,-2.3932716964355046e-05,1.0,2,reverse,60.0,3.0,1.0,FE-SO4-SYNTHETIC,Ag/AgCl,"Synthetic CV with Fe/HER, Ru=12.0 ohm, C_dl=40.0 uF"
49.7,-0.5151841433269875,-1.071438951129293e-05,1.0,2,reverse,60.0,3.0,1.0,FE-SO4-SYNTHETIC,Ag/AgCl,"Synthetic CV with Fe/HER, Ru=12.0 ohm, C_dl=40.0 uF"
49.8,-0.5101658289703521,-4.271997660326234e-06,1.0,2,reverse,60.0,3.0,1.0,FE-SO4-SYNTHETIC,Ag/AgCl,"Synthetic CV with Fe/HER, Ru=12.0 ohm, C_dl=40.0 uF"
49.9,-0.5051491260785849,-1.9420011084504663e-05,1.0,2,reverse,60.0,3.0,1.0,FE-SO4-SYNTHETIC,Ag/AgCl,"Synthetic CV with Fe/HER, Ru=12.0 ohm, C_dl=40.0 uF"
50.0,-0.5001338928602446,-8.342892170265368e-06,1.0,2,reverse,60.0,3.0,1.0,FE-SO4-SYNTHETIC,Ag/AgCl,"Synthetic CV with Fe/HER, Ru=12.0 ohm, C_dl=40.0 uF"
50.1,-0.49512,-1.3253212845609134e-05,1.0,2,reverse,60.0,3.0,1.0,FE-SO4-SYNTHETIC,Ag/AgCl,"Synthetic CV with Fe/HER, Ru=12.0 ohm, C_dl=40.0 uF"
50.2,-0.49010732956086717,-1.1379756991094385e-05,1.0,2,reverse,60.0,3.0,1.0,FE-SO4-SYNTHETIC,Ag/AgCl,"Synthetic CV with Fe/HER, Ru=12.0 ohm, C_dl=40.0 uF"
50.3,-0.48509577398303877,-1.0943134874426398e-05,1.0,2,reverse,60.0,3.0,1.0,FE-SO4-SYNTHETIC,Ag/AgCl,"Synthetic CV with Fe/HER, Ru=12.0 ohm, C_dl=40.0 uF"
50.4,-0.4800852351708042,-1.1422884748749283e-05,1.0,2,reverse,60.0,3.0,1.0,FE-SO4-SYNTHETIC,Ag/AgCl,"Synthetic CV with Fe/HER, Ru=12.0 ohm, C_dl=40.0 uF"
50.5,-0.4750756236598123,-6.059363511303099e-06,1.0,2,reverse,60.0,3.0,1.0,FE-SO4-SYNTHETIC,Ag/AgCl,"Synthetic CV with Fe/HER, Ru=12.0 ohm, C_dl=40.0 uF"
50.6,-0.47006685785760516,-9.726238715817512e-06,1.0,2,reverse,60.0,3.0,1.0,FE-SO4-SYNTHETIC,Ag/AgCl,"Synthetic CV with Fe/HER, Ru=12.0 ohm, C_dl=40.0 uF"
50.7,-0.4650588633509765,-3.5529951191466857e-06,1.0,2,reverse,60.0,3.0,1.0,FE-SO4-SYNTHETIC,Ag/AgCl,"Synthetic CV with Fe/HER, Ru=12.0 ohm, C_dl=40.0 uF"
50.8,-0.46005157227427596,-4.548880070242952e-06,1.0,2,reverse,60.0,3.0,1.0,FE-SO4-SYNTHETIC,Ag/AgCl,"Synthetic CV with Fe/HER, Ru=12.0 ohm, C_dl=40.0 uF"
50.9,-0.45504492273329444,-4.9383013422037044e-06,1.0,2,reverse,60.0,3.0,1.0,FE-SO4-SYNTHETIC,Ag/AgCl,"Synthetic CV with Fe/HER, Ru=12.0 ohm, C_dl=40.0 uF"
51.0,-0.4500388582798426,-7.776008297089983e-06,1.0,2,reverse,60.0,3.0,1.0,FE-SO4-SYNTHETIC,Ag/AgCl,"Synthetic CV with Fe/HER, Ru=12.0 ohm, C_dl=40.0 uF"
51.1,-0.4450333274325597,-5.661142699483631e-06,1.0,2,reverse,60.0,3.0,1.0,FE-SO4-SYNTHETIC,Ag/AgCl,"Synthetic CV with Fe/HER, Ru=12.0 ohm, C_dl=40.0 uF"
51.2,-0.44002828323988685,1.4200194718875685e-06,1.0,2,reverse,60.0,3.0,1.0,FE-SO4-SYNTHETIC,Ag/AgCl,"Synthetic CV with Fe/HER, Ru=12.0 ohm, C_dl=40.0 uF"
51.3,-0.43502368288149346,5.310124803308151e-07,1.0,2,reverse,60.0,3.0,1.0,FE-SO4-SYNTHETIC,Ag/AgCl,"Synthetic CV with Fe/HER, Ru=12.0 ohm, C_dl=40.0 uF"
51.4,-0.4300194873047738,-6.511718288475175e-06,1.0,2,reverse,60.0,3.0,1.0,FE-SO4-SYNTHETIC,Ag/AgCl,"Synthetic CV with Fe/HER, Ru=12.0 ohm, C_dl=40.0 uF"
51.5,-0.42501566089332804,-8.084129168596694e-07,1.0,2,reverse,60.0,3.0,1.0,FE-SO4-SYNTHETIC,Ag/AgCl,"Synthetic CV with Fe/HER, Ru=12.0 ohm, C_dl=40.0 uF"
51.6,-0.42001217116461365,2.7426718990474536e-06,1.0,2,reverse,60.0,3.0,1.0,FE-SO4-SYNTHETIC,Ag/AgCl,"Synthetic CV with Fe/HER, Ru=12.0 ohm, C_dl=40.0 uF"
51.7,-0.41500898849419976,-9.096067588928184e-06,1.0,2,reverse,60.0,3.0,1.0,FE-SO4-SYNTHETIC,Ag/AgCl,"Synthetic CV with Fe/HER, Ru=12.0 ohm, C_dl=40.0 uF"
51.8,-0.4100060858642843,2.2096456048748294e-06,1.0,2,reverse,60.0,3.0,1.0,FE-SO4-SYNTHETIC,Ag/AgCl,"Synthetic CV with Fe/HER, Ru=12.0 ohm, C_dl=40.0 uF"
51.9,-0.40500343863433863,-3.599671656285129e-06,1.0,2,reverse,60.0,3.0,1.0,FE-SO4-SYNTHETIC,Ag/AgCl,"Synthetic CV with Fe/HER, Ru=12.0 ohm, C_dl=40.0 uF"
52.0,-0.400001024331934,2.7676323484665458e-06,1.0,2,reverse,60.0,3.0,1.0,FE-SO4-SYNTHETIC,Ag/AgCl,"Synthetic CV with Fe/HER, Ru=12.0 ohm, C_dl=40.0 uF"
52.1,-0.3949988224619713,-3.7181676136659174e-06,1.0,2,reverse,60.0,3.0,1.0,FE-SO4-SYNTHETIC,Ag/AgCl,"Synthetic CV with Fe/HER, Ru=12.0 ohm, C_dl=40.0 uF"
52.2,-0.38999681433269867,-8.758938228217706e-06,1.0,2,reverse,60.0,3.0,1.0,FE-SO4-SYNTHETIC,Ag/AgCl,"Synthetic CV with Fe/HER, Ru=12.0 ohm, C_dl=40.0 uF"
52.3,-0.3849949828970352,-7.719620275683503e-06,1.0,2,reverse,60.0,3.0,1.0,FE-SO4-SYNTHETIC,Ag/AgCl,"Synthetic CV with Fe/HER, Ru=12.0 ohm, C_dl=40.0 uF"
52.4,-0.3799933126078585,7.977074117660146e-07,1.0,2,reverse,60.0,3.0,1.0,FE-SO4-SYNTHETIC,Ag/AgCl,"Synthetic CV with Fe/HER, Ru=12.0 ohm, C_dl=40.0 uF"
52.5,-0.37499178928602445,1.9828386732355877e-06,1.0,2,reverse,60.0,3.0,1.0,FE-SO4-SYNTHETIC,Ag/AgCl,"Synthetic CV with Fe/HER, Ru=12.0 ohm, C_dl=40.0 uF"
52.6,-0.3699903999999999,-3.7215831255220427e-06,1.0,2,reverse,60.0,3.0,1.0,FE-SO4-SYNTHETIC,Ag/AgCl,"Synthetic CV with Fe/HER, Ru=12.0 ohm, C_dl=40.0 uF"
52.7,-0.3649904,3.99296229388687e-06,1.0,2,reverse,60.0,3.0,1.0,FE-SO4-SYNTHETIC,Ag/AgCl,"Synthetic CV with Fe/HER, Ru=12.0 ohm, C_dl=40.0 uF"
52.8,-0.3599904,-7.507600311344799e-06,1.0,2,reverse,60.0,3.0,1.0,FE-SO4-SYNTHETIC,Ag/AgCl,"Synthetic CV with Fe/HER, Ru=12.0 ohm, C_dl=40.0 uF"
52.9,-0.3549904,4.6960100676341753e-07,1.0,2,reverse,60.0,3.0,1.0,FE-SO4-SYNTHETIC,Ag/AgCl,"Synthetic CV with Fe/HER, Ru=12.0 ohm, C_dl=40.0 uF"
53.0,-0.3499904,-5.255080998812283e-06,1.0,2,reverse,60.0,3.0,1.0,FE-SO4-SYNTHETIC,Ag/AgCl,"Synthetic CV with Fe/HER, Ru=12.0 ohm, C_dl=40.0 uF"
53.1,-0.3449904,-2.4591805390107958e-06,1.0,2,reverse,60.0,3.0,1.0,FE-SO4-SYNTHETIC,Ag/AgCl,"Synthetic CV with Fe/HER, Ru=12.0 ohm, C_dl=40.0 uF"
53.2,-0.33999039999999997,1.0369933565820705e-06,1.0,2,reverse,60.0,3.0,1.0,FE-SO4-SYNTHETIC,Ag/AgCl,"Synthetic CV with Fe/HER, Ru=12.0 ohm, C_dl=40.0 uF"
53.3,-0.33499039999999997,-3.5020668264197616e-06,1.0,2,reverse,60.0,3.0,1.0,FE-SO4-SYNTHETIC,Ag/AgCl,"Synthetic CV with Fe/HER, Ru=12.0 ohm, C_dl=40.0 uF"
53.4,-0.32999039999999996,-1.1227777211491265e-06,1.0,2,reverse,60.0,3.0,1.0,FE-SO4-SYNTHETIC,Ag/AgCl,"Synthetic CV with Fe/HER, Ru=12.0 ohm, C_dl=40.0 uF"
53.5,-0.32499039999999996,5.831464046072204e-06,1.0,2,reverse,60.0,3.0,1.0,FE-SO4-SYNTHETIC,Ag/AgCl,"Synthetic CV with Fe/HER, Ru=12.0 ohm, C_dl=40.0 uF"
53.6,-0.31999039999999995,-2.0844593476157435e-06,1.0,2,reverse,60.0,3.0,1.0,FE-SO4-SYNTHETIC,Ag/AgCl,"Synthetic CV with Fe/HER, Ru=12.0 ohm, C_dl=40.0 uF"
53.7,-0.31499039999999995,4.97846056032571e-06,1.0,2,reverse,60.0,3.0,1.0,FE-SO4-SYNTHETIC,Ag/AgCl,"Synthetic CV with Fe/HER, Ru=12.0 ohm, C_dl=40.0 uF"
53.8,-0.30999039999999994,-4.84853427328809e-06,1.0,2,reverse,60.0,3.0,1.0,FE-SO4-SYNTHETIC,Ag/AgCl,"Synthetic CV with Fe/HER, Ru=12.0 ohm, C_dl=40.0 uF"
53.9,-0.30499039999999994,3.4490208895764146e-06,1.0,2,reverse,60.0,3.0,1.0,FE-SO4-SYNTHETIC,Ag/AgCl,"Synthetic CV with Fe/HER, Ru=12.0 ohm, C_dl=40.0 uF"
54.0,-0.29999039999999993,8.007843103289502e-06,1.0,2,reverse,60.0,3.0,1.0,FE-SO4-SYNTHETIC,Ag/AgCl,"Synthetic CV with Fe/HER, Ru=12.0 ohm, C_dl=40.0 uF"
54.1,-0.29499039999999993,-1.1558222500636447e-05,1.0,2,reverse,60.0,3.0,1.0,FE-SO4-SYNTHETIC,Ag/AgCl,"Synthetic CV with Fe/HER, Ru=12.0 ohm, C_dl=40.0 uF"
54.2,-0.2899903999999999,-3.184476277352384e-06,1.0,2,reverse,60.0,3.0,1.0,FE-SO4-SYNTHETIC,Ag/AgCl,"Synthetic CV with Fe/HER, Ru=12.0 ohm, C_dl=40.0 uF"
54.3,-0.2849903999999999,3.6853606359027007e-06,1.0,2,reverse,60.0,3.0,1.0,FE-SO4-SYNTHETIC,Ag/AgCl,"Synthetic CV with Fe/HER, Ru=12.0 ohm, C_dl=40.0 uF"
54.4,-0.2799903999999999,-2.1522693021496313e-07,1.0,2,reverse,60.0,3.0,1.0,FE-SO4-SYNTHETIC,Ag/AgCl,"Synthetic CV with Fe/HER, Ru=12.0 ohm, C_dl=40.0 uF"
54.5,-0.2749904,2.655729366856545e-06,1.0,2,reverse,60.0,3.0,1.0,FE-SO4-SYNTHETIC,Ag/AgCl,"Synthetic CV with Fe/HER, Ru=12.0 ohm, C_dl=40.0 uF"
54.6,-0.2699903999999999,-2.219925933579103e-06,1.0,2,reverse,60.0,3.0,1.0,FE-SO4-SYNTHETIC,Ag/AgCl,"Synthetic CV with Fe/HER, Ru=12.0 ohm, C_dl=40.0 uF"
54.7,-0.2649903999999999,1.2329489373645e-06,1.0,2,reverse,60.0,3.0,1.0,FE-SO4-SYNTHETIC,Ag/AgCl,"Synthetic CV with Fe/HER, Ru=12.0 ohm, C_dl=40.0 uF"
54.8,-0.2599903999999999,2.161382303960291e-08,1.0,2,reverse,60.0,3.0,1.0,FE-SO4-SYNTHETIC,Ag/AgCl,"Synthetic CV with Fe/HER, Ru=12.0 ohm, C_dl=40.0 uF"
54.9,-0.2549904,6.638910308299038e-06,1.0,2,reverse,60.0,3.0,1.0,FE-SO4-SYNTHETIC,Ag/AgCl,"Synthetic CV with Fe/HER, Ru=12.0 ohm, C_dl=40.0 uF"
55.0,-0.2499904,2.072104216506066e-06,1.0,2,reverse,60.0,3.0,1.0,FE-SO4-SYNTHETIC,Ag/AgCl,"Synthetic CV with Fe/HER, Ru=12.0 ohm, C_dl=40.0 uF"
55.1,-0.24499039999999989,2.4880133103760114e-06,1.0,2,reverse,60.0,3.0,1.0,FE-SO4-SYNTHETIC,Ag/AgCl,"Synthetic CV with Fe/HER, Ru=12.0 ohm, C_dl=40.0 uF"
55.2,-0.23999039999999988,-1.2593848306123366e-06,1.0,2,reverse,60.0,3.0,1.0,FE-SO4-SYNTHETIC,Ag/AgCl,"Synthetic CV with Fe/HER, Ru=12.0 ohm, C_dl=40.0 uF"
55.3,-0.2349904,-1.6380311203624675e-06,1.0,2,reverse,60.0,3.0,1.0,FE-SO4-SYNTHETIC,Ag/AgCl,"Synthetic CV with Fe/HER, Ru=12.0 ohm, C_dl=40.0 uF"
55.4,-0.22999039999999998,-1.3627909390981044e-06,1.0,2,reverse,60.0,3.0,1.0,FE-SO4-SYNTHETIC,Ag/AgCl,"Synthetic CV with Fe/HER, Ru=12.0 ohm, C_dl=40.0 uF"
55.5,-0.22499039999999998,2.772260711891485e-06,1.0,2,reverse,60.0,3.0,1.0,FE-SO4-SYNTHETIC,Ag/AgCl,"Synthetic CV with Fe/HER, Ru=12.0 ohm, C_dl=40.0 uF"
55.6,-0.21999039999999986,-1.3049224041013144e-06,1.0,2,reverse,60.0,3.0,1.0,FE-SO4-SYNTHETIC,Ag/AgCl,"Synthetic CV with Fe/HER, Ru=12.0 ohm, C_dl=40.0 uF"
55.7,-0.21499039999999997,2.248874284482065e-06,1.0,2,reverse,60.0,3.0,1.0,FE-SO4-SYNTHETIC,Ag/AgCl,"Synthetic CV with Fe/HER, Ru=12.0 ohm, C_dl=40.0 uF"
55.8,-0.20999039999999997,1.1177003993227195e-05,1.0,2,reverse,60.0,3.0,1.0,FE-SO4-SYNTHETIC,Ag/AgCl,"Synthetic CV with Fe/HER, Ru=12.0 ohm, C_dl=40.0 uF"
55.9,-0.20499039999999996,5.155623517158463e-06,1.0,2,reverse,60.0,3.0,1.0,FE-SO4-SYNTHETIC,Ag/AgCl,"Synthetic CV with Fe/HER, Ru=12.0 ohm, C_dl=40.0 uF"
56.0,-0.19999039999999996,-8.301176608392055e-07,1.0,2,reverse,60.0,3.0,1.0,FE-SO4-SYNTHETIC,Ag/AgCl,"Synthetic CV with Fe/HER, Ru=12.0 ohm, C_dl=40.0 uF"
